hora	disponible_MiB	brave_MiB	dotnet_MiB	chrome_MiB	node_MiB	postgres_MiB	tmp_MiB	shm_MiB	tmpdir_MiB	disco_libre_MiB
13:02:09	8464	3972	149	7	36	2181	32	71	1	11009
13:02:14	8272	3965	149	7	335	2181	32	66	3	11005
13:02:19	8332	3919	149	7	210	2181	32	67	3	11005
13:02:24	8207	3917	149	7	197	2181	32	67	3	11005
13:02:29	7950	3960	149	7	549	2181	32	67	3	11005
13:02:34	8050	3970	149	7	465	2181	32	69	4	11004
13:02:39	8050	3973	1021	7	65	2181	32	83	5	11002
13:02:44	7901	3981	1318	7	65	2181	32	65	5	11002
13:02:49	7795	3981	1443	7	65	2181	32	66	5	11002
13:02:55	7794	3972	1508	7	65	2181	32	66	5	11002
13:03:00	7724	3998	1556	7	65	2181	32	66	6	11002
13:03:05	7708	4042	1512	7	65	2181	32	66	6	11002
13:03:10	7672	4077	1570	7	65	2181	39	66	6	11001
13:03:15	7514	4170	1570	7	65	2181	39	66	6	11001
13:03:20	7360	4211	1999	7	65	2181	39	68	6	11000
13:03:26	6852	4237	3365	7	65	2181	39	69	6	11000
13:03:31	6677	4271	3942	7	65	2181	39	69	6	11000
13:03:37	6458	4309	4179	7	65	2526	39	72	7	10989
13:03:42	6273	4348	4269	7	65	2841	39	75	7	10988
13:03:47	6369	4362	3687	7	65	2655	39	75	7	10956
13:03:52	6495	4330	3666	7	65	2750	39	75	7	10956
13:03:58	6853	3905	3710	7	65	2818	39	67	7	10963
13:04:03	6592	4039	3593	7	65	2601	39	269	7	10954
13:04:08	6718	4182	3686	7	65	2827	39	123	7	10957
13:04:13	6760	4202	3677	7	65	2854	39	125	7	10952
13:04:18	6774	4126	3605	7	65	2486	39	132	7	10965
13:04:23	6949	3996	3612	7	65	2583	46	80	7	10979
13:04:28	7042	4072	3179	7	65	2457	46	80	6	10980
13:04:33	7033	4175	3166	7	65	2458	46	77	6	10980
13:04:38	6995	4078	3172	7	65	2650	46	74	6	10979
13:04:43	7009	4059	3204	7	65	2706	46	72	6	10979
13:04:48	7510	4034	1319	7	407	2246	46	75	6	10989
13:04:54	7192	4091	1319	7	748	2246	46	76	6	11770
13:04:59	7004	4095	1319	7	821	2358	46	76	6	11741
13:05:04	7026	4070	1599	7	821	2358	46	74	8	11738
13:05:09	6935	4050	1728	7	821	2358	46	74	8	11738
13:05:14	7002	4042	1666	7	821	2364	49	70	8	11738
13:05:19	6891	4147	1680	7	821	2364	49	72	9	11738
13:05:24	6846	4150	1777	7	821	2364	49	71	9	11738
13:05:29	6855	4167	1535	7	821	2364	49	72	9	11737
13:05:35	6769	4208	1773	7	821	2364	49	75	9	11737
13:05:40	6631	4443	1822	7	821	2364	49	83	9	11736
13:05:45	6709	4266	1701	7	821	2366	49	82	9	11735
13:05:50	6698	4252	1817	7	821	2366	49	72	9	11735
13:05:55	6806	4222	1509	7	821	2368	50	70	9	11735
13:06:00	6726	4230	1625	7	823	2405	50	76	9	11735
13:06:05	6880	4195	1509	7	824	2368	50	75	9	11735
13:06:10	6766	4151	1657	7	824	2409	50	73	9	11734
13:06:15	6742	4235	1614	7	775	2405	50	79	9	11734
13:06:21	6795	4243	1596	7	775	2368	50	78	9	11734
13:06:26	6813	4337	1508	7	776	2368	50	81	9	11734
13:06:31	6767	4244	1645	7	768	2409	51	81	9	11734
13:06:36	6945	4238	1592	7	646	2368	51	78	9	11734
13:06:41	6913	4201	1667	7	646	2449	51	78	9	11734
13:06:46	7024	4224	1600	7	645	2368	52	74	9	11734
13:06:51	6905	4139	1667	7	703	2407	52	75	10	11733
13:06:56	6505	4254	1674	506	950	2450	52	75	11	11727
13:07:01	6369	4252	1691	688	940	2528	52	80	11	11708
13:07:07	6318	4258	1698	675	965	2570	52	77	11	11712
13:07:12	6294	4284	1702	562	995	2574	52	76	11	11705
13:07:17	6353	4254	1723	517	1016	2574	52	76	11	11694
13:07:23	6201	4900	1732	510	1040	2576	52	127	11	11702
13:07:28	6066	4825	1562	594	1068	2368	52	89	11	11682
13:07:33	6118	4901	1640	591	1060	2407	52	83	11	11684
13:07:38	5978	4910	1666	581	1048	2446	52	81	11	11621
13:07:43	5850	4909	1676	574	1056	2484	52	137	11	11175
13:07:48	6140	4934	1508	617	946	2368	52	89	11	10844
13:07:53	6011	5028	1594	588	946	2368	52	82	11	11665
13:07:58	5905	5147	1641	602	944	2407	52	81	11	11648
13:08:04	5880	5151	1666	590	944	2407	52	83	11	11649
13:08:09	5834	5138	1678	590	946	2560	52	81	11	11669
13:08:14	5897	5102	1699	547	963	2563	52	81	11	11680
13:08:19	6038	5013	1726	488	950	2575	52	81	11	11682
13:08:24	6012	4953	1736	546	969	2582	52	81	11	11674
13:08:29	6037	4953	1736	541	965	2582	52	81	11	11675
13:08:34	6019	4961	1736	543	965	2582	52	85	11	11674
13:08:39	6058	4957	1736	400	961	2582	52	79	11	11682
13:08:44	6022	4930	1736	544	972	2582	52	82	11	11673
13:08:49	6077	4899	1736	545	972	2582	52	80	11	11673
13:08:54	5964	4992	1737	545	972	2582	57	87	11	11673
13:08:59	5978	4977	1737	550	969	2582	57	92	11	11670
13:09:04	5907	5057	1737	548	969	2582	58	103	11	11669
13:09:10	5970	5032	1735	547	969	2582	58	91	11	11671
13:09:15	6065	4921	1735	548	969	2582	59	91	11	11671
13:09:20	6154	4869	1735	538	956	2582	59	91	11	11677
13:09:25	6156	4854	1735	539	954	2582	59	102	11	11677
13:09:30	6037	4978	1735	539	954	2582	59	105	11	11677
13:09:35	6005	4984	1740	543	955	2582	59	118	11	11671
13:09:40	6004	4995	1739	545	955	2582	62	120	11	11671
13:09:45	5922	5031	1736	544	952	2582	62	117	11	11671
13:09:50	6031	5008	1737	487	949	2582	62	110	11	11677
13:09:55	6017	4969	1745	569	922	2583	62	108	11	11662
13:10:00	5851	5050	1746	528	965	2596	62	114	11	11667
13:10:05	5700	5062	1748	745	986	2596	62	122	11	11636
13:10:10	5754	5016	1748	730	1005	2596	62	104	11	11628
13:10:15	5882	4968	1748	520	1050	2598	62	106	11	11641
13:10:21	5806	5064	1749	519	1055	2598	62	94	11	11640
13:10:26	5915	5045	1579	604	1054	2383	62	90	11	11316
13:10:31	5918	5007	1648	600	1054	2422	62	90	11	11319
13:10:36	5873	5044	1667	591	1038	2461	62	94	11	11013
13:10:41	5847	5044	1683	615	1048	2576	62	92	11	10354
13:10:46	5912	5042	1581	636	1045	2387	62	93	11	11617
13:10:51	5913	5007	1653	629	1045	2426	62	93	11	11620
13:10:56	6021	5027	1667	601	965	2465	62	87	11	11616
13:11:01	6086	5024	1682	521	975	2586	62	87	11	11606
13:11:06	5854	5023	1699	722	989	2590	63	87	11	11602
13:11:12	5989	4990	1707	529	994	2595	63	87	11	11620
13:11:17	5879	4956	1731	746	1012	2599	63	87	11	11588
13:11:22	5981	4976	1732	523	1032	2600	63	89	11	11600
13:11:27	5924	5056	1734	492	1042	2600	63	90	11	11598
13:11:32	5781	5066	1734	518	1060	2600	63	94	11	11589
13:11:37	5795	5056	1735	552	1063	2600	63	92	11	11585
13:11:42	5591	5066	1735	717	1110	2600	63	93	11	11548
13:11:47	5629	5074	1735	732	1120	2600	63	97	11	11556
13:11:52	5687	5080	1735	559	1155	2600	63	99	11	11555
13:11:57	5567	5095	1744	714	1160	2600	63	97	11	11541
13:12:03	5541	5103	1744	652	1169	2600	63	97	11	11529
13:12:08	5549	5067	1750	673	1161	2601	63	91	11	11225
13:12:13	5908	5039	1754	527	986	2601	63	91	11	11526
13:12:18	5786	5020	1757	720	996	2601	63	93	11	11511
13:12:23	5736	5022	1763	755	1019	2639	63	91	11	11504
13:12:28	5784	5017	1763	507	1045	2640	63	91	11	11505
13:12:33	5645	5096	1764	629	1066	2643	63	93	11	11482
13:12:38	5557	5088	1765	766	1087	2646	63	91	11	11477
13:12:43	5783	4940	1766	496	1098	2647	63	86	11	11475
13:12:48	5778	4908	1766	503	1107	2647	63	86	11	11465
13:12:53	5814	4870	1766	573	1120	2648	63	86	11	11452
13:12:59	5702	5097	1767	493	1132	2686	63	91	11	11467
13:13:04	5788	5098	1595	599	1135	2387	63	91	11	11449
13:13:09	5798	5102	1649	593	1134	2426	63	91	11	11453
13:13:14	5800	5059	1668	578	1143	2465	63	91	11	10985
13:13:19	5925	4997	1508	622	1143	2387	63	86	11	10971
13:13:24	5759	5272	1628	601	1118	2426	63	109	11	10973
13:13:29	5923	5047	1648	597	1118	2426	63	94	11	11448
13:13:34	5896	5364	1669	574	1053	2503	63	121	11	11291
13:13:39	5891	5434	1508	632	1059	2387	63	125	11	10970
13:13:45	5800	5516	1645	622	1049	2426	63	127	11	10973
13:13:50	5813	5536	1654	626	1049	2426	63	131	11	10973
13:13:55	5843	5462	1678	621	1029	2542	63	127	11	10632
13:14:00	5774	5660	1619	628	1028	2426	63	127	11	10631
13:14:05	5855	5640	1654	592	1028	2426	63	121	11	11439
13:14:10	5947	5566	1672	571	980	2543	63	121	11	11446
13:14:15	5939	5531	1693	619	995	2552	63	121	11	11421
13:14:20	5979	5493	1701	557	996	2591	63	121	11	11442
13:14:25	5884	5563	1729	556	995	2599	63	122	11	11440
13:14:31	5837	5432	1736	592	998	2599	63	119	11	11122
13:14:36	5875	5389	1742	593	998	2601	63	119	11	10812
13:14:41	5815	5351	1743	584	999	2601	63	115	11	10814
13:14:46	6171	5317	1580	493	1008	2387	63	115	11	11433
13:14:51	6133	5323	1667	494	1008	2426	63	118	11	11433
13:14:56	5901	5568	1689	565	1005	2470	63	117	11	11421
13:15:01	5723	5576	1706	589	1017	2470	63	121	11	10808
13:15:07	5983	5574	1647	586	936	2426	65	124	11	10808
13:15:12	5943	5538	1673	570	963	2465	65	120	11	11418
13:15:17	5854	5492	1686	594	989	2507	65	124	11	11414
13:15:22	5892	5518	1699	526	1021	2507	65	120	11	11403
13:15:27	5938	5510	1700	406	1036	2507	65	121	11	11410
13:15:32	5855	5501	1700	571	1038	2507	65	122	11	11393
13:15:38	5946	5447	1700	552	1037	2507	65	118	11	11399
13:15:43	6037	5309	1700	525	1034	2507	65	115	11	11404
13:15:48	5952	5310	1710	571	1028	2512	65	115	11	11392
13:15:53	5961	5310	1729	562	1033	2512	65	115	11	11393
13:15:58	5780	5490	1734	572	1038	2512	72	115	11	11390
13:16:03	5816	5261	1738	551	1041	2552	71	118	11	11397
13:16:09	5648	5343	1740	569	1037	2558	71	118	11	11372
13:16:14	5850	5294	1741	496	1040	2597	71	107	11	11392
13:16:19	5750	5286	1749	603	1047	2638	73	132	11	11064
13:16:24	5887	5280	1607	611	1046	2387	73	138	11	11067
13:16:29	5935	5189	1651	597	1046	2426	73	146	11	11067
13:16:34	6052	4973	1672	592	1043	2541	73	112	11	10557
13:16:39	6005	4954	1508	658	1050	2387	73	114	11	9624
13:16:44	5898	5166	1644	627	1026	2426	73	125	11	11366
13:16:50	5686	5334	1659	632	1016	2426	73	125	11	11366
13:16:55	5798	5320	1685	596	1024	2542	73	123	11	11058
13:17:00	5905	5286	1719	524	1027	2553	73	107	11	11377
13:17:05	5860	5271	1727	529	1033	2681	73	107	11	11369
13:17:10	5900	5183	1735	542	1037	2688	73	107	11	11369
13:17:15	5931	5177	1750	495	1033	2692	73	109	11	11373
13:17:20	5881	5181	1758	529	1040	2692	73	107	11	11369
13:17:25	5838	5168	1759	578	1041	2692	73	107	11	11053
13:17:31	6028	5143	1508	627	1045	2387	73	107	11	11351
13:17:36	5980	5150	1644	610	1046	2426	73	107	11	11353
13:17:41	5970	5173	1656	614	1044	2426	73	110	11	11354
13:17:46	5944	5172	1674	599	1040	2540	73	106	11	11082
13:17:51	5919	5252	1562	649	1041	2387	73	106	11	10762
13:17:56	5959	5207	1652	643	1041	2426	73	100	11	10766
13:18:01	5974	5228	1664	593	1020	2426	73	102	11	11350
13:18:07	5936	5224	1680	603	1024	2542	73	100	11	11349
13:18:12	5940	5178	1721	562	1029	2593	73	102	11	11356
13:18:17	5815	5270	1725	555	1029	2601	73	104	11	11353
13:18:22	5831	5258	1735	601	1003	2601	73	101	11	10428
13:18:27	5711	5266	1738	661	1006	2601	73	102	11	9196
13:18:32	5783	5060	1738	699	1026	2640	73	102	11	7971
13:18:37	5559	5313	1750	681	1067	2680	73	111	11	11335
13:18:42	5396	5414	1754	713	1074	2683	73	112	11	11312
13:18:47	5534	5419	1754	532	1119	2683	73	106	11	11318
13:18:53	5433	5266	1759	785	1147	2683	73	106	11	11286
13:18:58	5480	5324	1759	756	1173	2685	73	104	11	11282
13:19:03	5536	5322	1759	554	1167	2685	73	104	11	11293
13:19:08	5589	5315	1759	503	1172	2685	73	107	11	11289
13:19:13	5647	5247	1760	521	1176	2685	73	107	11	11278
13:19:18	5673	5197	1760	641	1079	2685	73	107	11	11264
13:19:23	5795	5184	1760	554	1104	2685	73	104	11	11267
13:19:28	5550	5251	1760	664	1137	2685	73	104	11	11243
13:19:34	5591	5248	1761	540	1165	2687	73	100	11	11248
13:19:39	5714	5167	1761	503	1189	2687	73	101	11	11259
13:19:44	5817	5167	1593	651	1200	2387	73	101	11	11232
13:19:49	5711	5183	1652	678	1214	2426	73	107	11	11226
13:19:54	5597	5241	1671	652	1191	2465	73	101	11	11233
13:19:59	5560	5241	1681	675	1197	2542	73	101	11	11224
13:20:04	5764	5239	1691	562	1114	2549	73	101	11	11132
13:20:09	5786	5177	1708	605	1114	2665	73	103	11	10906
13:20:14	5563	5270	1729	649	1114	2672	73	103	11	10597
13:20:19	5691	5277	1733	564	1118	2674	73	104	11	11209
13:20:25	5681	5302	1738	554	1123	2677	73	107	11	11211
13:20:30	5804	5140	1738	597	1126	2680	73	105	11	10879
13:20:35	5722	5139	1738	633	1127	2680	73	105	11	11192
13:20:40	5712	5132	1739	670	1127	2681	73	105	11	10576
13:20:45	5611	5290	1743	603	1131	2681	73	106	11	11186
13:20:50	5436	5330	1754	764	1134	2684	73	104	11	11177
13:20:56	6249	5349	396	543	1160	2686	73	104	11	11188
13:21:01	6237	5352	400	601	1164	2691	73	102	11	10862
13:21:06	6202	5350	400	632	1174	2692	73	102	11	11164
13:21:11	6138	5281	400	671	1230	2692	73	102	11	11152
13:21:16	6364	5152	400	594	1214	2693	73	102	11	11128
13:21:21	6358	5151	401	619	1225	2693	73	102	11	10836
13:21:26	6314	5141	401	791	1182	2693	73	102	11	11129
13:21:31	6432	5126	410	622	1178	2693	73	102	11	11130
13:21:37	6503	4981	411	539	1186	2694	73	100	11	11143
13:21:42	6418	4987	413	640	1186	2694	73	100	11	11123
13:21:47	6510	4988	413	538	1191	2694	73	100	11	11136
13:21:52	6304	5074	413	786	1183	2694	73	100	11	11100
13:21:57	6271	5221	414	769	1187	2694	73	102	11	11095
13:22:02	6345	5214	419	581	1182	2694	73	102	11	11102
13:22:07	6311	5214	428	636	1173	2694	73	102	11	11087
13:22:12	6404	5146	428	552	1206	2694	73	102	11	11096
13:22:17	6291	5146	428	653	1218	2694	73	102	11	11063
13:22:22	6387	5146	428	603	1225	2694	73	102	11	11063
13:22:28	6392	5138	428	558	1226	2694	73	102	11	11073
13:22:33	6396	4988	428	580	1230	2694	73	100	11	11069
13:22:38	6331	4989	430	629	1236	2694	73	100	11	11062
13:22:43	6218	4989	430	800	1273	2694	73	100	11	11042
13:22:48	6176	4990	431	738	1274	2695	73	100	11	11034
13:22:53	6116	5073	431	740	1224	2695	73	100	11	11021
13:22:58	6056	5226	431	727	1228	2695	73	102	11	11017
13:23:03	6424	5225	432	623	1126	2695	73	102	11	11015
13:23:08	6452	5234	432	535	1137	2695	73	104	11	11015
13:23:14	6519	5138	432	537	1147	2695	73	100	11	11013
13:23:19	6479	5133	432	538	1153	2695	73	98	11	11011
13:23:24	6493	5136	432	502	1153	2695	73	98	11	11010
13:23:29	6530	5129	433	611	1109	2695	73	98	11	10991
13:23:34	6457	5120	433	685	1109	2695	73	98	11	10969
13:23:39	6606	5130	436	509	1100	2695	73	100	11	10993
13:23:44	6380	5146	435	730	1128	2695	73	100	11	10973
13:23:49	6447	5167	435	595	1160	2695	73	100	11	10966
13:23:55	6332	5281	435	605	1150	2695	73	100	11	10965
13:24:00	6334	5276	435	606	1149	2695	73	99	11	10969
13:24:05	6257	5301	435	604	1157	2695	73	101	11	10658
13:24:10	6335	5301	435	526	1127	2695	73	101	11	10960
13:24:15	6355	5229	440	604	1136	2696	73	100	11	10337
13:24:20	6384	5238	440	581	1134	2696	73	102	11	10942
13:24:25	6363	5257	441	502	1143	2696	73	102	11	10952
13:24:30	6287	5263	443	616	1150	2696	73	102	11	10627
13:24:35	6391	5330	265	609	1150	2428	73	98	11	10625
13:24:40	6388	5196	291	616	1150	2428	73	98	11	10629
13:24:45	6592	4976	312	595	1151	2549	73	98	11	10023
13:24:51	6482	4984	339	673	1155	2632	73	100	11	8783
13:24:56	6419	5188	270	669	1155	2428	73	100	11	8785
13:25:01	6376	5296	297	616	1147	2428	73	100	11	10929
13:25:06	6351	5352	314	591	1152	2549	73	100	11	10935
13:25:11	6339	5416	327	552	1149	2552	73	100	11	10940
13:25:16	6232	5390	338	601	1154	2593	73	100	11	10930
13:25:21	6275	5390	355	656	1110	2674	73	100	11	10922
13:25:27	6124	5462	373	668	1105	2675	73	98	11	10002
13:25:32	6233	5322	374	600	1107	2678	73	96	11	10306
13:25:37	6159	5322	374	660	1108	2678	73	96	11	10606
13:25:42	6628	5002	374	526	1114	2678	73	96	11	10925
13:25:47	6613	4995	374	627	1025	2678	73	96	11	9986
13:25:52	6570	4996	379	659	1058	2678	73	96	11	10295
13:25:57	6457	5212	388	599	1085	2681	73	98	11	10586
13:26:03	6540	5212	392	504	1084	2681	73	98	11	10916
13:26:08	6462	5212	392	596	1093	2683	73	98	11	10549
13:26:13	6469	5145	392	666	1094	2683	73	98	11	10896
13:26:18	6448	5145	392	715	1094	2683	73	98	11	9663
13:26:23	6532	5146	392	582	1104	2683	73	98	11	10898
13:26:28	6638	5138	187	612	1108	2389	73	98	11	10885
13:26:33	6617	5125	291	589	1108	2428	73	98	11	10889
13:26:38	6614	4988	306	594	1094	2469	73	96	11	10806
13:26:43	6678	4989	319	604	1097	2550	73	96	11	9969
13:26:48	6697	4991	219	657	1101	2389	73	96	11	9348
13:26:53	6676	4992	296	634	1082	2428	73	96	11	10883
13:26:59	6538	5231	309	590	1082	2469	73	98	11	10883
13:27:04	6612	5231	331	500	1087	2511	73	98	11	10895
13:27:09	6592	5231	382	412	1074	2512	73	98	11	10898
13:27:14	6557	5232	663	411	1074	2512	73	98	11	10899
13:27:19	6250	5156	1494	411	1074	2512	73	98	11	10899
13:27:24	6190	5156	1700	411	1074	2512	73	98	11	10899
13:27:30	6185	5147	1661	411	1074	2512	73	98	11	10899
13:27:35	6149	5134	1735	411	1074	2551	73	98	11	10899
13:27:40	6125	5160	1737	411	1074	2512	73	98	11	10899
13:27:45	6053	5160	1736	411	1074	2512	73	98	11	10899
13:27:50	5999	5161	1886	411	1074	2512	73	98	11	10899
13:27:55	5973	5224	1804	411	1074	2512	73	98	11	10899
13:28:00	5992	5224	1835	411	1074	2512	73	98	11	10898
13:28:06	5941	5225	1934	411	1074	2512	73	98	11	10898
13:28:11	5921	5226	1872	411	1074	2512	73	98	11	10898
13:28:16	6027	5160	1833	411	1074	2512	73	100	11	10898
13:28:21	5938	5156	1992	410	1074	2512	73	98	11	10898
13:28:26	6075	5143	1667	410	1074	2512	73	98	11	10898
13:28:31	5932	5143	1685	573	1051	2556	73	98	11	10887
13:28:36	6133	5129	1533	613	982	2389	73	98	11	10570
13:28:42	6121	4992	1593	605	989	2511	73	96	11	10110
13:28:47	6059	4992	1612	632	1011	2594	73	96	11	9039
13:28:52	6061	4993	1623	641	1018	2595	73	96	11	8428
13:28:57	5815	5223	1892	661	1041	2596	73	98	11	7814
13:29:02	5738	5222	1972	587	1041	2596	73	98	11	10879
13:29:07	5838	5222	1670	587	1041	2596	73	98	11	10879
13:29:12	5959	5228	1467	624	1036	2389	73	100	11	10869
13:29:17	5969	5163	1590	632	1034	2430	73	98	11	10871
13:29:23	5968	5165	1619	616	1033	2430	73	98	11	10872
13:29:28	5879	5226	1635	612	1013	2552	73	98	11	10263
13:29:33	5884	5226	1678	503	1015	2603	73	98	11	10882
13:29:38	5942	5024	1688	577	1030	2608	73	96	11	10565
13:29:43	5942	5026	1693	583	1030	2608	73	96	11	10563
13:29:48	5894	5031	1694	593	1038	2608	73	98	11	10255
13:29:53	5910	5036	1694	599	1040	2608	73	98	11	9948
13:29:58	5766	5262	1694	626	1043	2608	73	98	11	9028
13:30:03	5610	5286	1695	672	1059	2608	73	100	11	7488
13:30:08	5577	5319	1695	667	1059	2608	73	100	11	7491
13:30:14	5580	5341	1695	683	1048	2608	73	103	11	7183
13:30:19	5610	5333	1697	689	1047	2608	73	103	11	6875
13:30:24	5692	5333	1698	614	1043	2608	73	103	11	10825
13:30:29	5781	5248	1700	620	1044	2608	73	101	11	10524
13:30:34	5767	5260	1700	597	1044	2608	73	101	11	10816
13:30:39	5734	5297	1701	599	1035	2608	73	102	11	10858
13:30:44	5632	5369	1703	607	1038	2608	73	102	11	10552
13:30:49	5623	5402	1706	627	1038	2608	73	104	11	9934
13:30:54	5607	5398	1706	624	1040	2608	73	100	11	9848
13:30:59	5627	5376	1708	625	1039	2609	73	100	11	9633
13:31:04	5778	5369	1466	659	1035	2389	73	98	11	9318
13:31:09	5720	5368	1602	653	1035	2432	73	98	11	9322
13:31:15	5776	5362	1612	620	1035	2432	73	98	11	10853
13:31:20	5856	5272	1636	622	1040	2514	73	98	11	10461
13:31:25	5679	5306	1667	647	1050	2596	73	98	11	9320
13:31:30	5642	5167	1686	688	1059	2639	73	96	11	8377
13:31:35	5609	5168	1692	702	1052	2641	73	96	11	7167
13:31:40	5517	5314	1697	747	1069	2641	73	98	11	5329
13:31:45	5483	5314	1699	772	1077	2641	73	98	11	4405
13:31:50	5711	5279	1699	617	1078	2641	73	98	11	10845
13:31:55	5653	5354	1699	610	1079	2641	73	98	11	10845
13:32:00	5626	5349	1703	644	1083	2641	73	98	11	10836
13:32:06	5579	5353	1710	665	1100	2684	73	99	11	9913
13:32:11	5555	5342	1711	686	1120	2685	73	99	11	8385
13:32:16	5580	5273	1711	714	1084	2685	73	99	11	7161
13:32:21	5516	5272	1956	745	1095	2687	73	99	11	5935
13:32:26	5393	5271	2054	742	1095	2687	73	99	11	5936
13:32:31	5564	5167	2009	619	1095	2732	73	97	11	10836
13:32:36	5733	5162	1503	661	1093	2389	73	97	11	10824
13:32:41	5747	5162	1626	651	1093	2430	73	97	11	10826
13:32:46	5768	5127	1654	637	1083	2430	73	97	11	10827
13:32:52	5800	5127	1674	643	1065	2554	73	97	11	10827
13:32:57	5585	5351	1685	652	1071	2555	73	99	11	10215
13:33:02	5612	5355	1690	650	1071	2555	73	99	11	10215
13:33:07	5695	5353	1695	621	1040	2555	73	99	11	10825
13:33:12	5651	5353	1701	632	1044	2555	73	99	11	10826
13:33:17	5676	5284	1718	653	1026	2597	73	99	11	9903
13:33:22	5580	5285	1728	690	1063	2600	73	99	11	8372
13:33:27	5586	5275	1727	694	1063	2600	73	99	11	8370
13:33:32	5612	5172	1728	706	1047	2600	73	97	11	8060
13:33:37	5658	5165	1728	711	1045	2600	73	97	11	7754
13:33:42	5757	5165	1728	636	1046	2600	73	97	11	10816
13:33:47	5791	5126	1728	646	1041	2600	73	93	11	10508
13:33:53	5771	5167	1728	635	1041	2600	73	93	11	10511
13:33:58	5628	5357	1728	646	1038	2602	73	95	11	10202
13:34:03	5670	5357	1728	649	1012	2602	73	96	11	9899
13:34:08	5603	5358	1728	665	1014	2602	73	96	11	9280
13:34:13	5652	5386	1728	629	1000	2602	73	95	11	10790
13:34:18	5642	5344	1731	632	1001	2602	73	95	11	10815
13:34:23	6206	5283	1736	7	789	2607	73	95	11	11673
13:34:28	5814	5273	1741	619	939	2608	73	95	11	11647
13:34:33	5677	5307	1752	664	961	2691	73	95	11	11342
13:34:38	5807	5306	1753	529	980	2694	73	95	11	11661
13:34:43	5728	5161	1753	630	1006	2694	73	93	11	11640
13:34:48	5683	5133	1753	659	1025	2694	73	95	11	11342
13:34:54	5791	5132	1753	563	1042	2696	73	92	11	11652
13:34:59	5583	5358	1753	626	1048	2696	73	97	11	11638
13:35:04	5529	5352	1753	655	1027	2696	73	94	11	11023
13:35:09	5489	5352	1757	642	1049	2697	73	94	11	11631
13:35:14	5477	5352	1760	562	1055	2697	73	94	11	11644
13:35:19	5510	5283	1760	621	1076	2697	73	94	11	11593
13:35:24	5433	5283	1760	665	1081	2697	73	94	11	11620
13:35:29	5483	5275	1760	543	1084	2698	73	94	11	11635
13:35:34	6243	5308	1502	7	753	2246	73	94	11	11674
