outcome	clase	prueba	inicio	duracion
Passed	Sillar.Api.Tests.ArranqueConModuloActivoAusenteTests	Sillar.Api.Tests.ArranqueConModuloActivoAusenteTests.Un_modulo_activo_que_el_binario_no_trae_impide_arrancar_al_host	2026-10-02T13:59:59.2329432-05:00	00:00:44.4722554
Passed	Sillar.Api.Tests.CierreM04SeguridadYCorreoTests	Sillar.Api.Tests.CierreM04SeguridadYCorreoTests.Criterio13_password_de_registro_no_aparece_en_respuesta_logs_ni_auditoria	2026-10-02T13:59:59.2329431-05:00	00:00:50.7906469
Passed	Sillar.Api.Tests.CierreM04SeguridadYCorreoTests	Sillar.Api.Tests.CierreM04SeguridadYCorreoTests.Criterio17_fallo_de_correo_de_un_registro_concreto_es_visible_para_admin	2026-10-02T14:00:50.1563255-05:00	00:00:29.4439827
Passed	Sillar.Core.Tests.ActivacionConSchemaTests	Sillar.Core.Tests.ActivacionConSchemaTests.Al_negarse_el_estado_previo_queda_intacto	2026-10-02T14:00:23.9462467-05:00	00:00:03.0570358
Passed	Sillar.Core.Tests.ActivacionConSchemaTests	Sillar.Core.Tests.ActivacionConSchemaTests.Con_su_schema_presente_el_modulo_se_activa	2026-10-02T14:00:32.6340371-05:00	00:00:03.3636134
Passed	Sillar.Core.Tests.ActivacionConSchemaTests	Sillar.Core.Tests.ActivacionConSchemaTests.El_error_nombra_el_modulo_el_schema_la_base_y_que_hacer	2026-10-02T14:00:15.2240136-05:00	00:00:03.5774527
Passed	Sillar.Core.Tests.ActivacionConSchemaTests	Sillar.Core.Tests.ActivacionConSchemaTests.Los_modulos_de_demostracion_sin_schema_se_siguen_activando	2026-10-02T14:00:27.0204424-05:00	00:00:03.8913742
Passed	Sillar.Core.Tests.ActivacionConSchemaTests	Sillar.Core.Tests.ActivacionConSchemaTests.Sin_su_schema_el_modulo_no_se_activa	2026-10-02T14:00:30.9581310-05:00	00:00:01.6735714
Passed	Sillar.Core.Tests.ActivacionConSchemaTests	Sillar.Core.Tests.ActivacionConSchemaTests.Tras_una_instalacion_correcta_los_modulos_reales_tienen_su_schema_y_se_activan	2026-10-02T14:00:18.8070091-05:00	00:00:05.1376144
Passed	Sillar.Core.Tests.ActivacionConSchemaTests	Sillar.Core.Tests.ActivacionConSchemaTests.Un_modulo_real_sin_su_schema_no_se_activa_aunque_otros_si_lo_tengan	2026-10-02T13:59:57.9187721-05:00	00:00:17.3000991
Passed	Sillar.Core.Tests.ActivacionConSchemaTests	Sillar.Core.Tests.ActivacionConSchemaTests.Una_averia_distinta_no_se_convierte_en_falta_el_schema	2026-10-02T14:00:30.9258901-05:00	00:00:00.0275717
Passed	Sillar.Core.Tests.AdminClaimIsolationTests	Sillar.Core.Tests.AdminClaimIsolationTests.Claim_csrf_administrativo_si_se_resuelve	2026-10-02T13:59:57.9298932-05:00	00:00:00.0163420
Passed	Sillar.Core.Tests.AdminClaimIsolationTests	Sillar.Core.Tests.AdminClaimIsolationTests.Claim_csrf_generico_anterior_no_es_claim_administrativo	2026-10-02T13:59:57.9611113-05:00	00:00:00.0008673
Passed	Sillar.Core.Tests.AdminClaimIsolationTests	Sillar.Core.Tests.AdminClaimIsolationTests.Claims_administrativos_tienen_namespace_propio	2026-10-02T13:59:58.1169335-05:00	00:00:00.0003577
Passed	Sillar.Core.Tests.AdminClaimIsolationTests	Sillar.Core.Tests.AdminClaimIsolationTests.CurrentAdmin_ignora_claims_de_cliente	2026-10-02T13:59:57.9731133-05:00	00:00:00.1325623
Passed	Sillar.Core.Tests.AdminClaimIsolationTests	Sillar.Core.Tests.AdminClaimIsolationTests.CurrentAdmin_ignora_session_id_generico_anterior	2026-10-02T13:59:58.1901567-05:00	00:00:00.0027803
Passed	Sillar.Core.Tests.AdminClaimIsolationTests	Sillar.Core.Tests.AdminClaimIsolationTests.CurrentAdmin_lee_session_id_administrativo	2026-10-02T13:59:58.1296754-05:00	00:00:00.0528570
Passed	Sillar.Core.Tests.ArranqueContraBaseVaciaTests	Sillar.Core.Tests.ArranqueContraBaseVaciaTests.El_modo_instalacion_monta_las_dos_rutas_de_setup_y_ninguna_mas	2026-10-02T14:00:11.9070603-05:00	00:00:00.7794934
Passed	Sillar.Core.Tests.ArranqueContraBaseVaciaTests	Sillar.Core.Tests.ArranqueContraBaseVaciaTests.GET_setup_status_contra_base_vacia_responde_200_y_no_un_500	2026-10-02T14:00:12.6907488-05:00	00:00:00.6362742
Passed	Sillar.Core.Tests.ArranqueContraBaseVaciaTests	Sillar.Core.Tests.ArranqueContraBaseVaciaTests.La_misma_base_cambia_de_estado_al_aplicarle_las_migraciones	2026-10-02T14:00:09.7467523-05:00	00:00:02.1551888
Passed	Sillar.Core.Tests.ArranqueContraBaseVaciaTests	Sillar.Core.Tests.ArranqueContraBaseVaciaTests.Sin_migraciones_el_estado_es_faltan_migraciones_y_no_una_excepcion	2026-10-02T13:59:58.1138229-05:00	00:00:11.6221592
Passed	Sillar.Core.Tests.ArranqueContraBaseVaciaTests	Sillar.Core.Tests.ArranqueContraBaseVaciaTests.Un_error_de_PostgreSQL_que_NO_es_42P01_no_se_traga	2026-10-02T14:00:13.3283686-05:00	00:00:01.2497583
Passed	Sillar.Core.Tests.AutenticacionSinAlmacenDeSesionesTests	Sillar.Core.Tests.AutenticacionSinAlmacenDeSesionesTests.Base_pristina_y_cookie_vieja_el_instalador_termina_y_la_cookie_nunca_autentica	2026-10-02T14:00:13.2916867-05:00	00:00:12.6444267
Passed	Sillar.Core.Tests.AutenticacionSinAlmacenDeSesionesTests	Sillar.Core.Tests.AutenticacionSinAlmacenDeSesionesTests.Con_cookie_vieja_y_sin_core_setup_status_responde_y_una_ruta_protegida_da_401	2026-10-02T14:00:10.0937107-05:00	00:00:03.1928605
Passed	Sillar.Core.Tests.AutenticacionSinAlmacenDeSesionesTests	Sillar.Core.Tests.AutenticacionSinAlmacenDeSesionesTests.Con_cookie_y_sin_tabla_de_sesiones_no_hay_resultado_y_no_hay_identidad	2026-10-02T14:00:07.8993326-05:00	00:00:01.9319448
Passed	Sillar.Core.Tests.AutenticacionSinAlmacenDeSesionesTests	Sillar.Core.Tests.AutenticacionSinAlmacenDeSesionesTests.Con_la_tabla_presente_y_una_sesion_valida_autentica_con_normalidad	2026-10-02T14:00:28.1668418-05:00	00:00:04.4694711
Passed	Sillar.Core.Tests.AutenticacionSinAlmacenDeSesionesTests	Sillar.Core.Tests.AutenticacionSinAlmacenDeSesionesTests.Cuando_aparecen_las_tablas_el_handler_vuelve_a_consultar_con_normalidad	2026-10-02T14:00:34.4325545-05:00	00:00:04.6813496
Passed	Sillar.Core.Tests.AutenticacionSinAlmacenDeSesionesTests	Sillar.Core.Tests.AutenticacionSinAlmacenDeSesionesTests.Sin_cookie_no_hay_resultado_como_siempre	2026-10-02T14:00:25.9462730-05:00	00:00:02.2174302
Passed	Sillar.Core.Tests.AutenticacionSinAlmacenDeSesionesTests	Sillar.Core.Tests.AutenticacionSinAlmacenDeSesionesTests.Un_42P01_de_otra_relacion_no_se_traga	2026-10-02T14:00:32.6395243-05:00	00:00:01.7893513
Passed	Sillar.Core.Tests.AutenticacionSinAlmacenDeSesionesTests	Sillar.Core.Tests.AutenticacionSinAlmacenDeSesionesTests.Un_UndefinedColumn_no_se_traga	2026-10-02T14:00:39.1161769-05:00	00:00:00.8147483
Passed	Sillar.Core.Tests.AutenticacionSinAlmacenDeSesionesTests	Sillar.Core.Tests.AutenticacionSinAlmacenDeSesionesTests.Una_base_inexistente_no_se_convierte_en_ausencia	2026-10-02T13:59:57.9134733-05:00	00:00:09.9402522
Passed	Sillar.Core.Tests.AutenticacionSinAlmacenDeSesionesTests	Sillar.Core.Tests.AutenticacionSinAlmacenDeSesionesTests.Una_conexion_caida_no_se_convierte_en_ausencia	2026-10-02T14:00:09.8602527-05:00	00:00:00.2224538
Passed	Sillar.Core.Tests.ContentSnifferTests	Sillar.Core.Tests.ContentSnifferTests.Otros_formatos_conocidos_se_rechazan(firma: "%PDF-1.7")	2026-10-02T13:59:57.5736995-05:00	00:00:00.0000825
Passed	Sillar.Core.Tests.ContentSnifferTests	Sillar.Core.Tests.ContentSnifferTests.Otros_formatos_conocidos_se_rechazan(firma: "GIF89a")	2026-10-02T13:59:57.1613452-05:00	00:00:00.2165069
Passed	Sillar.Core.Tests.ContentSnifferTests	Sillar.Core.Tests.ContentSnifferTests.Otros_formatos_conocidos_se_rechazan(firma: "PK\x03\x04")	2026-10-02T13:59:57.5600639-05:00	00:00:00.0000618
Passed	Sillar.Core.Tests.ContentSnifferTests	Sillar.Core.Tests.ContentSnifferTests.Otros_formatos_conocidos_se_rechazan(firma: "\x1f")	2026-10-02T13:59:57.5527710-05:00	00:00:00.0061954
Passed	Sillar.Core.Tests.ContentSnifferTests	Sillar.Core.Tests.ContentSnifferTests.Un_archivo_con_extension_png_pero_otro_contenido_se_rechaza	2026-10-02T13:59:57.6019690-05:00	00:00:00.0003326
Passed	Sillar.Core.Tests.ContentSnifferTests	Sillar.Core.Tests.ContentSnifferTests.Un_archivo_vacio_o_truncado_se_rechaza	2026-10-02T13:59:57.6048501-05:00	00:00:00.0108467
Passed	Sillar.Core.Tests.ContentSnifferTests	Sillar.Core.Tests.ContentSnifferTests.Un_jpeg_se_reconoce_por_su_firma	2026-10-02T13:59:57.7383488-05:00	00:00:00.0005045
Passed	Sillar.Core.Tests.ContentSnifferTests	Sillar.Core.Tests.ContentSnifferTests.Un_png_se_reconoce_por_su_firma	2026-10-02T13:59:57.8088965-05:00	00:00:00.0004902
Passed	Sillar.Core.Tests.ContentSnifferTests	Sillar.Core.Tests.ContentSnifferTests.Un_riff_que_no_es_webp_se_rechaza	2026-10-02T13:59:57.7503328-05:00	00:00:00.0006648
Passed	Sillar.Core.Tests.ContentSnifferTests	Sillar.Core.Tests.ContentSnifferTests.Un_svg_sin_declaracion_xml_tambien_se_rechaza	2026-10-02T13:59:57.5872992-05:00	00:00:00.0133995
Passed	Sillar.Core.Tests.ContentSnifferTests	Sillar.Core.Tests.ContentSnifferTests.Un_svg_valido_se_rechaza	2026-10-02T13:59:57.7639151-05:00	00:00:00.0004543
Passed	Sillar.Core.Tests.ContentSnifferTests	Sillar.Core.Tests.ContentSnifferTests.Un_webp_se_reconoce_en_sus_tres_variantes(variante: "VP8 ")	2026-10-02T13:59:57.6173614-05:00	00:00:00.0780735
Passed	Sillar.Core.Tests.ContentSnifferTests	Sillar.Core.Tests.ContentSnifferTests.Un_webp_se_reconoce_en_sus_tres_variantes(variante: "VP8L")	2026-10-02T13:59:57.7186869-05:00	00:00:00.0000790
Passed	Sillar.Core.Tests.ContentSnifferTests	Sillar.Core.Tests.ContentSnifferTests.Un_webp_se_reconoce_en_sus_tres_variantes(variante: "VP8X")	2026-10-02T13:59:57.7005930-05:00	00:00:00.0006313
Passed	Sillar.Core.Tests.CsrfTokenFactoryTests	Sillar.Core.Tests.CsrfTokenFactoryTests.Dos_instalaciones_distintas_dan_tokens_distintos_para_la_misma_sesion	2026-10-02T13:59:57.8635818-05:00	00:00:00.0005997
Passed	Sillar.Core.Tests.CsrfTokenFactoryTests	Sillar.Core.Tests.CsrfTokenFactoryTests.Dos_sesiones_distintas_dan_tokens_distintos	2026-10-02T13:59:57.8528336-05:00	00:00:00.0027378
Passed	Sillar.Core.Tests.CsrfTokenFactoryTests	Sillar.Core.Tests.CsrfTokenFactoryTests.El_hash_que_se_guarda_no_contiene_el_token	2026-10-02T13:59:57.6791704-05:00	00:00:00.0186019
Passed	Sillar.Core.Tests.CsrfTokenFactoryTests	Sillar.Core.Tests.CsrfTokenFactoryTests.El_token_no_revela_la_sesion_ni_la_clave_de_instalacion	2026-10-02T13:59:57.1617502-05:00	00:00:00.2112377
Passed	Sillar.Core.Tests.CsrfTokenFactoryTests	Sillar.Core.Tests.CsrfTokenFactoryTests.El_token_viaja_en_una_cabecera_sin_escapar_nada	2026-10-02T13:59:57.8084178-05:00	00:00:00.0276699
Passed	Sillar.Core.Tests.CsrfTokenFactoryTests	Sillar.Core.Tests.CsrfTokenFactoryTests.La_etiqueta_de_derivacion_esta_versionada	2026-10-02T13:59:57.6489109-05:00	00:00:00.0266624
Passed	Sillar.Core.Tests.CsrfTokenFactoryTests	Sillar.Core.Tests.CsrfTokenFactoryTests.La_misma_sesion_da_siempre_el_mismo_token	2026-10-02T13:59:57.8570839-05:00	00:00:00.0047113
Passed	Sillar.Core.Tests.CsrfTokenFactoryTests	Sillar.Core.Tests.CsrfTokenFactoryTests.Reiniciar_el_proceso_no_cambia_el_token_de_una_sesion_viva	2026-10-02T13:59:57.5954487-05:00	00:00:00.0380393
Passed	Sillar.Core.Tests.CsrfTokenFactoryTests	Sillar.Core.Tests.CsrfTokenFactoryTests.Una_clave_de_instalacion_que_solo_difiere_en_un_bit_da_otro_token	2026-10-02T13:59:57.8675720-05:00	00:00:00.0006856
Passed	Sillar.Core.Tests.CsrfTokenFactoryTests	Sillar.Core.Tests.CsrfTokenFactoryTests.Una_clave_de_instalacion_vacia_se_rechaza	2026-10-02T13:59:57.6990763-05:00	00:00:00.0658860
Passed	Sillar.Core.Tests.EmailTestStatusContractTests	Sillar.Core.Tests.EmailTestStatusContractTests.Estado_smtp_no_expone_secretos	2026-10-02T13:59:57.8753466-05:00	00:00:00.1354710
Passed	Sillar.Core.Tests.EmailTestStatusContractTests	Sillar.Core.Tests.EmailTestStatusContractTests.Estado_smtp_representa_nunca_probado_sin_inventar_fecha	2026-10-02T13:59:58.0142858-05:00	00:00:00.0259894
Passed	Sillar.Core.Tests.HostRestarterTests	Sillar.Core.Tests.HostRestarterTests.Con_la_bandera_en_false_el_host_no_se_detiene	2026-10-02T13:59:57.6011857-05:00	00:00:00.2197726
Passed	Sillar.Core.Tests.HostRestarterTests	Sillar.Core.Tests.HostRestarterTests.Con_la_bandera_en_true_la_parada_se_programa_para_despues_de_la_respuesta	2026-10-02T13:59:57.8372966-05:00	00:00:00.0052149
Passed	Sillar.Core.Tests.HostRestarterTests	Sillar.Core.Tests.HostRestarterTests.La_parada_incondicional_tampoco_ocurre_antes_de_la_respuesta	2026-10-02T13:59:57.1617728-05:00	00:00:00.2854006
Passed	Sillar.Core.Tests.HostRestarterTests	Sillar.Core.Tests.HostRestarterTests.Sin_configuracion_el_host_no_se_detiene	2026-10-02T13:59:57.8253275-05:00	00:00:00.0105272
Passed	Sillar.Core.Tests.ImageDimensionsTests	Sillar.Core.Tests.ImageDimensionsTests.En_jpeg_el_alto_va_antes_que_el_ancho	2026-10-02T13:59:57.8289795-05:00	00:00:00.0029054
Passed	Sillar.Core.Tests.ImageDimensionsTests	Sillar.Core.Tests.ImageDimensionsTests.En_jpeg_se_saltan_los_marcadores_previos	2026-10-02T13:59:57.6469181-05:00	00:00:00.0812297
Passed	Sillar.Core.Tests.ImageDimensionsTests	Sillar.Core.Tests.ImageDimensionsTests.Las_dimensiones_de_un_jpeg_se_leen_del_inicio_de_fotograma(ancho: 1920, alto: 1080)	2026-10-02T13:59:57.7500598-05:00	00:00:00.0065640
Passed	Sillar.Core.Tests.ImageDimensionsTests	Sillar.Core.Tests.ImageDimensionsTests.Las_dimensiones_de_un_jpeg_se_leen_del_inicio_de_fotograma(ancho: 800, alto: 600)	2026-10-02T13:59:57.7575491-05:00	00:00:00.0470086
Passed	Sillar.Core.Tests.ImageDimensionsTests	Sillar.Core.Tests.ImageDimensionsTests.Las_dimensiones_de_un_png_se_leen_del_IHDR(ancho: 1, alto: 1)	2026-10-02T13:59:57.6355231-05:00	00:00:00.0066117
Passed	Sillar.Core.Tests.ImageDimensionsTests	Sillar.Core.Tests.ImageDimensionsTests.Las_dimensiones_de_un_png_se_leen_del_IHDR(ancho: 4096, alto: 2160)	2026-10-02T13:59:57.6430943-05:00	00:00:00.0000822
Passed	Sillar.Core.Tests.ImageDimensionsTests	Sillar.Core.Tests.ImageDimensionsTests.Las_dimensiones_de_un_png_se_leen_del_IHDR(ancho: 800, alto: 600)	2026-10-02T13:59:57.6093869-05:00	00:00:00.0251823
Passed	Sillar.Core.Tests.ImageDimensionsTests	Sillar.Core.Tests.ImageDimensionsTests.Las_dimensiones_de_un_webp_se_leen_en_sus_tres_variantes(variante: "VP8 ", ancho: 640, alto: 480)	2026-10-02T13:59:57.6075661-05:00	00:00:00.0001205
Passed	Sillar.Core.Tests.ImageDimensionsTests	Sillar.Core.Tests.ImageDimensionsTests.Las_dimensiones_de_un_webp_se_leen_en_sus_tres_variantes(variante: "VP8L", ancho: 1, alto: 1)	2026-10-02T13:59:57.1617271-05:00	00:00:00.2537747
Passed	Sillar.Core.Tests.ImageDimensionsTests	Sillar.Core.Tests.ImageDimensionsTests.Las_dimensiones_de_un_webp_se_leen_en_sus_tres_variantes(variante: "VP8L", ancho: 640, alto: 480)	2026-10-02T13:59:57.5713224-05:00	00:00:00.0069282
Passed	Sillar.Core.Tests.ImageDimensionsTests	Sillar.Core.Tests.ImageDimensionsTests.Las_dimensiones_de_un_webp_se_leen_en_sus_tres_variantes(variante: "VP8X", ancho: 16383, alto: 16383)	2026-10-02T13:59:57.5543656-05:00	00:00:00.0116747
Passed	Sillar.Core.Tests.ImageDimensionsTests	Sillar.Core.Tests.ImageDimensionsTests.Las_dimensiones_de_un_webp_se_leen_en_sus_tres_variantes(variante: "VP8X", ancho: 640, alto: 480)	2026-10-02T13:59:57.5793091-05:00	00:00:00.0001439
Passed	Sillar.Core.Tests.ImageDimensionsTests	Sillar.Core.Tests.ImageDimensionsTests.Un_jpeg_sin_inicio_de_fotograma_devuelve_nulo_y_no_se_queda_dando_vueltas	2026-10-02T13:59:57.8534344-05:00	00:00:00.0006236
Passed	Sillar.Core.Tests.ImageDimensionsTests	Sillar.Core.Tests.ImageDimensionsTests.Un_webp_de_variante_desconocida_devuelve_nulo	2026-10-02T13:59:57.8405159-05:00	00:00:00.0005065
Passed	Sillar.Core.Tests.ImageDimensionsTests	Sillar.Core.Tests.ImageDimensionsTests.Una_cabecera_truncada_devuelve_nulo_sin_reventar	2026-10-02T13:59:57.8057882-05:00	00:00:00.0114844
Passed	Sillar.Core.Tests.InstalacionDeModulosTests	Sillar.Core.Tests.InstalacionDeModulosTests.Base_pristina_la_instalacion_deja_todos_los_schemas_desplegados_y_termina_operativa	2026-10-02T14:00:37.7106416-05:00	00:00:03.2663139
Passed	Sillar.Core.Tests.InstalacionDeModulosTests	Sillar.Core.Tests.InstalacionDeModulosTests.CORE_se_instala_el_primero_y_no_por_casualidad	2026-10-02T14:00:25.9966502-05:00	00:00:00.0018072
Passed	Sillar.Core.Tests.InstalacionDeModulosTests	Sillar.Core.Tests.InstalacionDeModulosTests.Clasificar_con_algo_ajeno_no_es_seguro	2026-10-02T14:00:37.7076598-05:00	00:00:00.0015016
Passed	Sillar.Core.Tests.InstalacionDeModulosTests	Sillar.Core.Tests.InstalacionDeModulosTests.Clasificar_con_solo_lo_nuestro_es_reanudable	2026-10-02T14:00:15.2846955-05:00	00:00:00.0075511
Passed	Sillar.Core.Tests.InstalacionDeModulosTests	Sillar.Core.Tests.InstalacionDeModulosTests.Clasificar_sin_nada_es_pristina	2026-10-02T14:00:25.9913228-05:00	00:00:00.0038723
Passed	Sillar.Core.Tests.InstalacionDeModulosTests	Sillar.Core.Tests.InstalacionDeModulosTests.El_503_nombra_base_servidor_puerto_y_la_evidencia_y_manda_comprobar_la_conexion	2026-10-02T14:00:34.2022604-05:00	00:00:01.7193935
Passed	Sillar.Core.Tests.InstalacionDeModulosTests	Sillar.Core.Tests.InstalacionDeModulosTests.El_orden_es_el_mismo_llegue_como_llegue_el_catalogo_de_modulos	2026-10-02T14:00:25.1429772-05:00	00:00:00.0098538
Passed	Sillar.Core.Tests.InstalacionDeModulosTests	Sillar.Core.Tests.InstalacionDeModulosTests.Las_extensiones_en_public_no_convierten_la_base_en_ajena	2026-10-02T14:00:35.9265855-05:00	00:00:00.8272619
Passed	Sillar.Core.Tests.InstalacionDeModulosTests	Sillar.Core.Tests.InstalacionDeModulosTests.POST_setup_sobre_base_pristina_responde_201	2026-10-02T14:00:15.2948467-05:00	00:00:06.2781821
Passed	Sillar.Core.Tests.InstalacionDeModulosTests	Sillar.Core.Tests.InstalacionDeModulosTests.Repetir_la_instalacion_no_reaplica_nada_y_sigue_operativa	2026-10-02T14:00:25.9999357-05:00	00:00:06.5872802
Passed	Sillar.Core.Tests.InstalacionDeModulosTests	Sillar.Core.Tests.InstalacionDeModulosTests.Un_historial_con_migraciones_que_este_binario_no_conoce_no_se_toca	2026-10-02T14:00:21.5882082-05:00	00:00:02.0280143
Passed	Sillar.Core.Tests.InstalacionDeModulosTests	Sillar.Core.Tests.InstalacionDeModulosTests.Un_schema_ajeno_hace_que_se_niegue_antes_de_migrar_nada	2026-10-02T14:00:25.1557923-05:00	00:00:00.8332066
Passed	Sillar.Core.Tests.InstalacionDeModulosTests	Sillar.Core.Tests.InstalacionDeModulosTests.Un_schema_con_nuestro_nombre_pero_sin_nuestro_historial_no_se_toca	2026-10-02T14:00:36.7552202-05:00	00:00:00.9417010
Passed	Sillar.Core.Tests.InstalacionDeModulosTests	Sillar.Core.Tests.InstalacionDeModulosTests.Un_schema_de_SILLAR_cuya_primera_migracion_fallo_sigue_siendo_reanudable	2026-10-02T14:00:32.5943278-05:00	00:00:01.6028787
Passed	Sillar.Core.Tests.InstalacionDeModulosTests	Sillar.Core.Tests.InstalacionDeModulosTests.Una_instalacion_a_medias_se_reanuda_y_se_completa	2026-10-02T13:59:57.8783423-05:00	00:00:17.4036079
Passed	Sillar.Core.Tests.InstalacionDeModulosTests	Sillar.Core.Tests.InstalacionDeModulosTests.Una_tabla_ajena_en_public_hace_que_se_niegue	2026-10-02T14:00:23.6277972-05:00	00:00:01.5103591
Passed	Sillar.Core.Tests.LockoutPolicyTests	Sillar.Core.Tests.LockoutPolicyTests.El_bloqueo_termina_solo_al_pasar_el_plazo	2026-10-02T13:59:57.5933132-05:00	00:00:00.0009477
Passed	Sillar.Core.Tests.LockoutPolicyTests	Sillar.Core.Tests.LockoutPolicyTests.El_quinto_fallo_bloquea_quince_minutos	2026-10-02T13:59:57.6126121-05:00	00:00:00.0152803
Passed	Sillar.Core.Tests.LockoutPolicyTests	Sillar.Core.Tests.LockoutPolicyTests.Los_fallos_siguientes_reinician_los_quince_minutos	2026-10-02T13:59:57.6559220-05:00	00:00:00.0058064
Passed	Sillar.Core.Tests.LockoutPolicyTests	Sillar.Core.Tests.LockoutPolicyTests.Menos_de_cinco_fallos_no_bloquean(fallos: 1)	2026-10-02T13:59:57.6448195-05:00	00:00:00.0097161
Passed	Sillar.Core.Tests.LockoutPolicyTests	Sillar.Core.Tests.LockoutPolicyTests.Menos_de_cinco_fallos_no_bloquean(fallos: 4)	2026-10-02T13:59:57.6294159-05:00	00:00:00.0145186
Passed	Sillar.Core.Tests.LockoutPolicyTests	Sillar.Core.Tests.LockoutPolicyTests.Una_cuenta_sin_bloqueo_no_esta_bloqueada	2026-10-02T13:59:57.1617000-05:00	00:00:00.1890150
Passed	Sillar.Core.Tests.LoginEvaluatorTests	Sillar.Core.Tests.LoginEvaluatorTests.Con_la_contrasena_correcta_y_la_cuenta_bloqueada_devuelve_423	2026-10-02T13:59:57.1586842-05:00	00:00:00.2590358
Passed	Sillar.Core.Tests.LoginEvaluatorTests	Sillar.Core.Tests.LoginEvaluatorTests.Con_la_contrasena_incorrecta_y_la_cuenta_bloqueada_devuelve_401_y_no_423	2026-10-02T13:59:57.7106273-05:00	00:00:00.0006684
Passed	Sillar.Core.Tests.LoginEvaluatorTests	Sillar.Core.Tests.LoginEvaluatorTests.Con_todo_en_orden_concede_el_acceso	2026-10-02T13:59:57.6313864-05:00	00:00:00.0010135
Passed	Sillar.Core.Tests.LoginEvaluatorTests	Sillar.Core.Tests.LoginEvaluatorTests.El_senuelo_no_se_calcula_cuando_la_cuenta_existe	2026-10-02T13:59:57.6396564-05:00	00:00:00.0005726
Passed	Sillar.Core.Tests.LoginEvaluatorTests	Sillar.Core.Tests.LoginEvaluatorTests.Un_bloqueo_ya_vencido_no_impide_entrar	2026-10-02T13:59:57.6208075-05:00	00:00:00.0005978
Passed	Sillar.Core.Tests.LoginEvaluatorTests	Sillar.Core.Tests.LoginEvaluatorTests.Un_correo_que_no_existe_devuelve_401_y_gasta_el_tiempo_del_senuelo	2026-10-02T13:59:57.5991639-05:00	00:00:00.0146964
Passed	Sillar.Core.Tests.LoginEvaluatorTests	Sillar.Core.Tests.LoginEvaluatorTests.Una_contrasena_incorrecta_devuelve_401	2026-10-02T13:59:57.6871731-05:00	00:00:00.0219351
Passed	Sillar.Core.Tests.LoginEvaluatorTests	Sillar.Core.Tests.LoginEvaluatorTests.Una_cuenta_desactivada_devuelve_401_generico	2026-10-02T13:59:57.7370233-05:00	00:00:00.0117007
Passed	Sillar.Core.Tests.LoginEvaluatorTests	Sillar.Core.Tests.LoginEvaluatorTests.Una_cuenta_desactivada_y_bloqueada_devuelve_423_porque_el_bloqueo_se_mira_antes	2026-10-02T13:59:57.6487839-05:00	00:00:00.0338681
Passed	Sillar.Core.Tests.PasswordPolicyTests	Sillar.Core.Tests.PasswordPolicyTests.Doce_caracteres_se_aceptan	2026-10-02T13:59:58.4267254-05:00	00:00:00.0005485
Passed	Sillar.Core.Tests.PasswordPolicyTests	Sillar.Core.Tests.PasswordPolicyTests.El_apellido_si_se_comprueba_aunque_el_nombre_sea_corto	2026-10-02T13:59:57.9098789-05:00	00:00:00.1960126
Passed	Sillar.Core.Tests.PasswordPolicyTests	Sillar.Core.Tests.PasswordPolicyTests.El_motivo_del_rechazo_esta_en_espanol	2026-10-02T13:59:58.4899752-05:00	00:00:00.0097840
Passed	Sillar.Core.Tests.PasswordPolicyTests	Sillar.Core.Tests.PasswordPolicyTests.La_comparacion_con_la_identidad_ignora_mayusculas	2026-10-02T13:59:58.3709033-05:00	00:00:00.0437732
Passed	Sillar.Core.Tests.PasswordPolicyTests	Sillar.Core.Tests.PasswordPolicyTests.Las_contrasenas_comunes_se_rechazan(contrasena: "123456789012")	2026-10-02T13:59:58.3572020-05:00	00:00:00.0000802
Passed	Sillar.Core.Tests.PasswordPolicyTests	Sillar.Core.Tests.PasswordPolicyTests.Las_contrasenas_comunes_se_rechazan(contrasena: "CONTRASEÑA12")	2026-10-02T13:59:58.3413013-05:00	00:00:00.0008239
Passed	Sillar.Core.Tests.PasswordPolicyTests	Sillar.Core.Tests.PasswordPolicyTests.Las_contrasenas_comunes_se_rechazan(contrasena: "administrador")	2026-10-02T13:59:58.3562057-05:00	00:00:00.0000808
Passed	Sillar.Core.Tests.PasswordPolicyTests	Sillar.Core.Tests.PasswordPolicyTests.Las_contrasenas_comunes_se_rechazan(contrasena: "contrasena12")	2026-10-02T13:59:58.3277975-05:00	00:00:00.0004871
Passed	Sillar.Core.Tests.PasswordPolicyTests	Sillar.Core.Tests.PasswordPolicyTests.Las_palabras_cortas_del_nombre_no_invalidan_media_lengua	2026-10-02T13:59:58.4812281-05:00	00:00:00.0074815
Passed	Sillar.Core.Tests.PasswordPolicyTests	Sillar.Core.Tests.PasswordPolicyTests.Mas_de_setenta_y_dos_caracteres_se_rechaza	2026-10-02T13:59:58.4524841-05:00	00:00:00.0004174
Passed	Sillar.Core.Tests.PasswordPolicyTests	Sillar.Core.Tests.PasswordPolicyTests.No_se_exigen_mayusculas_ni_digitos_ni_simbolos	2026-10-02T13:59:58.4628831-05:00	00:00:00.0003927
Passed	Sillar.Core.Tests.PasswordPolicyTests	Sillar.Core.Tests.PasswordPolicyTests.Once_caracteres_se_rechazan	2026-10-02T13:59:58.1376940-05:00	00:00:00.1793516
Passed	Sillar.Core.Tests.PasswordPolicyTests	Sillar.Core.Tests.PasswordPolicyTests.Una_contrasena_que_contiene_el_correo_se_rechaza	2026-10-02T13:59:58.4429409-05:00	00:00:00.0003513
Passed	Sillar.Core.Tests.PasswordPolicyTests	Sillar.Core.Tests.PasswordPolicyTests.Una_contrasena_que_contiene_el_nombre_se_rechaza	2026-10-02T13:59:58.4161583-05:00	00:00:00.0084900
Passed	Sillar.Core.Tests.PasswordPolicyTests	Sillar.Core.Tests.PasswordPolicyTests.Una_contrasena_que_contiene_la_parte_previa_a_la_arroba_se_rechaza	2026-10-02T13:59:58.1071503-05:00	00:00:00.0150190
Passed	Sillar.Core.Tests.PasswordPolicyTests	Sillar.Core.Tests.PasswordPolicyTests.Una_contrasena_vacia_se_rechaza	2026-10-02T13:59:58.4741756-05:00	00:00:00.0055345
Passed	Sillar.Core.Tests.RoleHierarchyTests	Sillar.Core.Tests.RoleHierarchyTests.Un_rol_desconocido_no_satisface_nada(rol: "")	2026-10-02T13:59:57.9495118-05:00	00:00:00.0008328
Passed	Sillar.Core.Tests.RoleHierarchyTests	Sillar.Core.Tests.RoleHierarchyTests.Un_rol_desconocido_no_satisface_nada(rol: "Admin")	2026-10-02T13:59:57.9672641-05:00	00:00:00.0000753
Passed	Sillar.Core.Tests.RoleHierarchyTests	Sillar.Core.Tests.RoleHierarchyTests.Un_rol_desconocido_no_satisface_nada(rol: "jefe")	2026-10-02T13:59:57.9656293-05:00	00:00:00.0001054
Passed	Sillar.Core.Tests.RoleHierarchyTests	Sillar.Core.Tests.RoleHierarchyTests.Un_rol_desconocido_no_satisface_nada(rol: null)	2026-10-02T13:59:57.9172056-05:00	00:00:00.0191043
Passed	Sillar.Core.Tests.RoleHierarchyTests	Sillar.Core.Tests.RoleHierarchyTests.Un_rol_no_alcanza_lo_que_esta_por_encima(rol: "admin", exigido: "super_admin")	2026-10-02T13:59:57.9978355-05:00	00:00:00.0177863
Passed	Sillar.Core.Tests.RoleHierarchyTests	Sillar.Core.Tests.RoleHierarchyTests.Un_rol_no_alcanza_lo_que_esta_por_encima(rol: "editor", exigido: "admin")	2026-10-02T13:59:58.0167293-05:00	00:00:00.0000715
Passed	Sillar.Core.Tests.RoleHierarchyTests	Sillar.Core.Tests.RoleHierarchyTests.Un_rol_no_alcanza_lo_que_esta_por_encima(rol: "editor", exigido: "super_admin")	2026-10-02T13:59:57.9849972-05:00	00:00:00.0117575
Passed	Sillar.Core.Tests.RoleHierarchyTests	Sillar.Core.Tests.RoleHierarchyTests.Un_rol_satisface_lo_que_se_le_exige_por_debajo(rol: "admin", exigido: "admin")	2026-10-02T13:59:58.0360775-05:00	00:00:00.0002947
Passed	Sillar.Core.Tests.RoleHierarchyTests	Sillar.Core.Tests.RoleHierarchyTests.Un_rol_satisface_lo_que_se_le_exige_por_debajo(rol: "admin", exigido: "editor")	2026-10-02T13:59:58.1132098-05:00	00:00:00.0000664
Passed	Sillar.Core.Tests.RoleHierarchyTests	Sillar.Core.Tests.RoleHierarchyTests.Un_rol_satisface_lo_que_se_le_exige_por_debajo(rol: "editor", exigido: "editor")	2026-10-02T13:59:58.0978226-05:00	00:00:00.0000868
Passed	Sillar.Core.Tests.RoleHierarchyTests	Sillar.Core.Tests.RoleHierarchyTests.Un_rol_satisface_lo_que_se_le_exige_por_debajo(rol: "super_admin", exigido: "admin")	2026-10-02T13:59:58.1121514-05:00	00:00:00.0000680
Passed	Sillar.Core.Tests.RoleHierarchyTests	Sillar.Core.Tests.RoleHierarchyTests.Un_rol_satisface_lo_que_se_le_exige_por_debajo(rol: "super_admin", exigido: "editor")	2026-10-02T13:59:58.1264246-05:00	00:00:00.0001130
Passed	Sillar.Core.Tests.RoleHierarchyTests	Sillar.Core.Tests.RoleHierarchyTests.Un_rol_satisface_lo_que_se_le_exige_por_debajo(rol: "super_admin", exigido: "super_admin")	2026-10-02T13:59:58.0373566-05:00	00:00:00.0031970
Passed	Sillar.Core.Tests.SessionPolicyTests	Sillar.Core.Tests.SessionPolicyTests.Cerca_del_septimo_dia_manda_el_tope_absoluto	2026-10-02T13:59:57.6033358-05:00	00:00:00.0077096
Passed	Sillar.Core.Tests.SessionPolicyTests	Sillar.Core.Tests.SessionPolicyTests.Dentro_del_minuto_siguiente_no_se_reescribe_last_seen_at	2026-10-02T13:59:57.6466720-05:00	00:00:00.0372402
Passed	Sillar.Core.Tests.SessionPolicyTests	Sillar.Core.Tests.SessionPolicyTests.La_caducidad_es_la_inactividad_mientras_no_choque_con_el_tope	2026-10-02T13:59:57.6139683-05:00	00:00:00.0054564
Passed	Sillar.Core.Tests.SessionPolicyTests	Sillar.Core.Tests.SessionPolicyTests.Ocho_horas_sin_actividad_caducan_la_sesion	2026-10-02T13:59:57.6207199-05:00	00:00:00.0004963
Passed	Sillar.Core.Tests.SessionPolicyTests	Sillar.Core.Tests.SessionPolicyTests.Pasado_el_minuto_se_reescribe_last_seen_at	2026-10-02T13:59:57.6929814-05:00	00:00:00.0158254
Passed	Sillar.Core.Tests.SessionPolicyTests	Sillar.Core.Tests.SessionPolicyTests.Siete_dias_desde_la_emision_caducan_la_sesion_aunque_se_acabe_de_usar	2026-10-02T13:59:57.5970111-05:00	00:00:00.0013538
Passed	Sillar.Core.Tests.SessionPolicyTests	Sillar.Core.Tests.SessionPolicyTests.Una_sesion_recien_usada_sirve	2026-10-02T13:59:57.6307373-05:00	00:00:00.0006356
Passed	Sillar.Core.Tests.SessionPolicyTests	Sillar.Core.Tests.SessionPolicyTests.Una_sesion_revocada_no_sirve_aunque_este_en_plazo	2026-10-02T13:59:57.1614281-05:00	00:00:00.2315897
Passed	Sillar.Core.Tests.SessionTokenTests	Sillar.Core.Tests.SessionTokenTests.Dos_tokens_seguidos_no_se_parecen	2026-10-02T13:59:57.6593048-05:00	00:00:00.0478089
Passed	Sillar.Core.Tests.SessionTokenTests	Sillar.Core.Tests.SessionTokenTests.El_hash_cabe_en_la_columna	2026-10-02T13:59:57.6372266-05:00	00:00:00.0004319
Passed	Sillar.Core.Tests.SessionTokenTests	Sillar.Core.Tests.SessionTokenTests.El_hash_no_contiene_el_token	2026-10-02T13:59:57.5837968-05:00	00:00:00.0009230
Passed	Sillar.Core.Tests.SessionTokenTests	Sillar.Core.Tests.SessionTokenTests.El_token_de_otra_sesion_no_coincide	2026-10-02T13:59:57.6460834-05:00	00:00:00.0101653
Passed	Sillar.Core.Tests.SessionTokenTests	Sillar.Core.Tests.SessionTokenTests.El_token_de_sesion_lleva_256_bits	2026-10-02T13:59:57.6001495-05:00	00:00:00.0058941
Passed	Sillar.Core.Tests.SessionTokenTests	Sillar.Core.Tests.SessionTokenTests.El_token_viaja_en_una_cookie_y_una_cabecera_sin_escapar_nada	2026-10-02T13:59:57.7258420-05:00	00:00:00.1238511
Passed	Sillar.Core.Tests.SessionTokenTests	Sillar.Core.Tests.SessionTokenTests.Sin_token_o_sin_hash_no_hay_coincidencia(token: "", hash: "algo")	2026-10-02T13:59:57.6244012-05:00	00:00:00.0000894
Passed	Sillar.Core.Tests.SessionTokenTests	Sillar.Core.Tests.SessionTokenTests.Sin_token_o_sin_hash_no_hay_coincidencia(token: "algo", hash: "")	2026-10-02T13:59:57.6193275-05:00	00:00:00.0041115
Passed	Sillar.Core.Tests.SessionTokenTests	Sillar.Core.Tests.SessionTokenTests.Sin_token_o_sin_hash_no_hay_coincidencia(token: "algo", hash: null)	2026-10-02T13:59:57.6176283-05:00	00:00:00.0005954
Passed	Sillar.Core.Tests.SessionTokenTests	Sillar.Core.Tests.SessionTokenTests.Sin_token_o_sin_hash_no_hay_coincidencia(token: null, hash: "algo")	2026-10-02T13:59:57.6120142-05:00	00:00:00.0026599
Passed	Sillar.Core.Tests.SessionTokenTests	Sillar.Core.Tests.SessionTokenTests.Un_token_coincide_con_su_propio_hash	2026-10-02T13:59:57.1617902-05:00	00:00:00.2121564
Passed	Sillar.Core.Tests.SettingValueValidatorTests	Sillar.Core.Tests.SettingValueValidatorTests.El_motivo_del_rechazo_dice_que_se_esperaba	2026-10-02T13:59:58.6344472-05:00	00:00:00.0005166
Passed	Sillar.Core.Tests.SettingValueValidatorTests	Sillar.Core.Tests.SettingValueValidatorTests.El_numero_se_interpreta_con_punto_decimal_no_con_coma	2026-10-02T13:59:58.4091735-05:00	00:00:00.0004366
Passed	Sillar.Core.Tests.SettingValueValidatorTests	Sillar.Core.Tests.SettingValueValidatorTests.Los_booleanos_reconocibles_se_interpretan(valor: "0", esperado: False)	2026-10-02T13:59:58.5686041-05:00	00:00:00.0000816
Passed	Sillar.Core.Tests.SettingValueValidatorTests	Sillar.Core.Tests.SettingValueValidatorTests.Los_booleanos_reconocibles_se_interpretan(valor: "1", esperado: True)	2026-10-02T13:59:58.5549286-05:00	00:00:00.0000796
Passed	Sillar.Core.Tests.SettingValueValidatorTests	Sillar.Core.Tests.SettingValueValidatorTests.Los_booleanos_reconocibles_se_interpretan(valor: "SÍ", esperado: True)	2026-10-02T13:59:58.5560190-05:00	00:00:00.0002973
Passed	Sillar.Core.Tests.SettingValueValidatorTests	Sillar.Core.Tests.SettingValueValidatorTests.Los_booleanos_reconocibles_se_interpretan(valor: "false", esperado: False)	2026-10-02T13:59:58.4258229-05:00	00:00:00.1107372
Passed	Sillar.Core.Tests.SettingValueValidatorTests	Sillar.Core.Tests.SettingValueValidatorTests.Los_booleanos_reconocibles_se_interpretan(valor: "no", esperado: False)	2026-10-02T13:59:58.5430659-05:00	00:00:00.0000787
Passed	Sillar.Core.Tests.SettingValueValidatorTests	Sillar.Core.Tests.SettingValueValidatorTests.Los_booleanos_reconocibles_se_interpretan(valor: "true", esperado: True)	2026-10-02T13:59:58.5377270-05:00	00:00:00.0042570
Passed	Sillar.Core.Tests.SettingValueValidatorTests	Sillar.Core.Tests.SettingValueValidatorTests.Un_valor_que_encaja_con_su_tipo_se_acepta(tipo: "boolean", valor: "0")	2026-10-02T13:59:58.3649010-05:00	00:00:00.0000788
Passed	Sillar.Core.Tests.SettingValueValidatorTests	Sillar.Core.Tests.SettingValueValidatorTests.Un_valor_que_encaja_con_su_tipo_se_acepta(tipo: "boolean", valor: "SI")	2026-10-02T13:59:58.3298549-05:00	00:00:00.0000885
Passed	Sillar.Core.Tests.SettingValueValidatorTests	Sillar.Core.Tests.SettingValueValidatorTests.Un_valor_que_encaja_con_su_tipo_se_acepta(tipo: "boolean", valor: "true")	2026-10-02T13:59:58.3188912-05:00	00:00:00.0001044
Passed	Sillar.Core.Tests.SettingValueValidatorTests	Sillar.Core.Tests.SettingValueValidatorTests.Un_valor_que_encaja_con_su_tipo_se_acepta(tipo: "email", valor: "contacto@ejemplo.pe")	2026-10-02T13:59:58.3440373-05:00	00:00:00.0004374
Passed	Sillar.Core.Tests.SettingValueValidatorTests	Sillar.Core.Tests.SettingValueValidatorTests.Un_valor_que_encaja_con_su_tipo_se_acepta(tipo: "json", valor: "{\"horario\":\"9-18\"}")	2026-10-02T13:59:58.2852242-05:00	00:00:00.0297509
Passed	Sillar.Core.Tests.SettingValueValidatorTests	Sillar.Core.Tests.SettingValueValidatorTests.Un_valor_que_encaja_con_su_tipo_se_acepta(tipo: "number", valor: "-3.5")	2026-10-02T13:59:58.2729406-05:00	00:00:00.0039980
Passed	Sillar.Core.Tests.SettingValueValidatorTests	Sillar.Core.Tests.SettingValueValidatorTests.Un_valor_que_encaja_con_su_tipo_se_acepta(tipo: "number", valor: "42")	2026-10-02T13:59:58.3531258-05:00	00:00:00.0000819
Passed	Sillar.Core.Tests.SettingValueValidatorTests	Sillar.Core.Tests.SettingValueValidatorTests.Un_valor_que_encaja_con_su_tipo_se_acepta(tipo: "text", valor: "Cualquier cosa")	2026-10-02T13:59:58.3394236-05:00	00:00:00.0000718
Passed	Sillar.Core.Tests.SettingValueValidatorTests	Sillar.Core.Tests.SettingValueValidatorTests.Un_valor_que_encaja_con_su_tipo_se_acepta(tipo: "url", valor: "https://ejemplo.pe/local")	2026-10-02T13:59:58.2533480-05:00	00:00:00.0015396
Passed	Sillar.Core.Tests.SettingValueValidatorTests	Sillar.Core.Tests.SettingValueValidatorTests.Un_valor_que_no_encaja_se_rechaza(tipo: "boolean", valor: "quizás")	2026-10-02T13:59:58.1018594-05:00	00:00:00.0207975
Passed	Sillar.Core.Tests.SettingValueValidatorTests	Sillar.Core.Tests.SettingValueValidatorTests.Un_valor_que_no_encaja_se_rechaza(tipo: "email", valor: "arroba-no-hay")	2026-10-02T13:59:58.2366718-05:00	00:00:00.0095524
Passed	Sillar.Core.Tests.SettingValueValidatorTests	Sillar.Core.Tests.SettingValueValidatorTests.Un_valor_que_no_encaja_se_rechaza(tipo: "json", valor: "{esto no es json}")	2026-10-02T13:59:57.9079917-05:00	00:00:00.1928033
Passed	Sillar.Core.Tests.SettingValueValidatorTests	Sillar.Core.Tests.SettingValueValidatorTests.Un_valor_que_no_encaja_se_rechaza(tipo: "number", valor: "muchos")	2026-10-02T13:59:58.1235884-05:00	00:00:00.0001758
Passed	Sillar.Core.Tests.SettingValueValidatorTests	Sillar.Core.Tests.SettingValueValidatorTests.Un_valor_que_no_encaja_se_rechaza(tipo: "url", valor: "ejemplo.pe")	2026-10-02T13:59:58.2085688-05:00	00:00:00.0001388
Passed	Sillar.Core.Tests.SettingValueValidatorTests	Sillar.Core.Tests.SettingValueValidatorTests.Un_valor_que_no_encaja_se_rechaza(tipo: "url", valor: "ftp://ejemplo.pe")	2026-10-02T13:59:58.1316671-05:00	00:00:00.0717121
Passed	Sillar.Core.Tests.SettingValueValidatorTests	Sillar.Core.Tests.SettingValueValidatorTests.Un_valor_vacio_se_rechaza_sea_cual_sea_el_tipo(valor: "   ")	2026-10-02T13:59:58.5837105-05:00	00:00:00.0003342
Passed	Sillar.Core.Tests.SettingValueValidatorTests	Sillar.Core.Tests.SettingValueValidatorTests.Un_valor_vacio_se_rechaza_sea_cual_sea_el_tipo(valor: "")	2026-10-02T13:59:58.6250084-05:00	00:00:00.0000638
Passed	Sillar.Core.Tests.SettingValueValidatorTests	Sillar.Core.Tests.SettingValueValidatorTests.Un_valor_vacio_se_rechaza_sea_cual_sea_el_tipo(valor: null)	2026-10-02T13:59:58.5931775-05:00	00:00:00.0005542
Passed	Sillar.Modules.Catalog.Tests.BreadcrumbTests	Sillar.Modules.Catalog.Tests.BreadcrumbTests.Entre_varias_activas_se_elige_por_nombre_no_por_orden_de_llegada	2026-10-02T13:59:58.2993307-05:00	00:00:00.0305737
Passed	Sillar.Modules.Catalog.Tests.BreadcrumbTests	Sillar.Modules.Catalog.Tests.BreadcrumbTests.La_ruta_se_corta_en_el_primer_antecesor_inactivo_sin_incluirlo	2026-10-02T13:59:57.4937236-05:00	00:00:00.7346824
Passed	Sillar.Modules.Catalog.Tests.BreadcrumbTests	Sillar.Modules.Catalog.Tests.BreadcrumbTests.La_ruta_sube_de_la_categoria_hasta_la_raiz	2026-10-02T13:59:58.3648680-05:00	00:00:00.0050133
Passed	Sillar.Modules.Catalog.Tests.BreadcrumbTests	Sillar.Modules.Catalog.Tests.BreadcrumbTests.Si_la_principal_esta_activa_se_usa_ella	2026-10-02T13:59:58.3312011-05:00	00:00:00.0109370
Passed	Sillar.Modules.Catalog.Tests.BreadcrumbTests	Sillar.Modules.Catalog.Tests.BreadcrumbTests.Si_la_principal_esta_inactiva_se_usa_otra_activa_del_producto	2026-10-02T13:59:58.3767797-05:00	00:00:00.0007799
Passed	Sillar.Modules.Catalog.Tests.BreadcrumbTests	Sillar.Modules.Catalog.Tests.BreadcrumbTests.Si_ninguna_categoria_esta_activa_no_hay_miga	2026-10-02T13:59:58.3467897-05:00	00:00:00.0005400
Passed	Sillar.Modules.Catalog.Tests.BreadcrumbTests	Sillar.Modules.Catalog.Tests.BreadcrumbTests.Sin_categoria_principal_se_usa_otra_activa_igual	2026-10-02T13:59:58.3545065-05:00	00:00:00.0053459
Passed	Sillar.Modules.Catalog.Tests.CatalogContractPostgresTests	Sillar.Modules.Catalog.Tests.CatalogContractPostgresTests.BuscarPorCodigo_traduce_con_inner_join_y_respeta_actividad_y_proyeccion	2026-10-02T14:00:10.6876310-05:00	00:00:00.2336162
Passed	Sillar.Modules.Catalog.Tests.CatalogContractPostgresTests	Sillar.Modules.Catalog.Tests.CatalogContractPostgresTests.Buscar_traduce_con_inner_join_full_text_filtros_orden_y_limite_cero	2026-10-02T14:00:10.5187259-05:00	00:00:00.1641595
Passed	Sillar.Modules.Catalog.Tests.CatalogContractPostgresTests	Sillar.Modules.Catalog.Tests.CatalogContractPostgresTests.ItemExisteYEstaActivo_traduce_en_postgresql_y_distingue_activa_inactiva_e_inexistente	2026-10-02T13:59:57.4937467-05:00	00:00:12.0135369
Passed	Sillar.Modules.Catalog.Tests.CatalogContractPostgresTests	Sillar.Modules.Catalog.Tests.CatalogContractPostgresTests.ObtenerItem_traduce_con_inner_join_y_relee_variante_inactiva	2026-10-02T14:00:10.4221763-05:00	00:00:00.0935291
Passed	Sillar.Modules.Catalog.Tests.CatalogContractPostgresTests	Sillar.Modules.Catalog.Tests.CatalogContractPostgresTests.VariantesDe_traduce_con_inner_join_y_conserva_solo_item_activo_y_orden	2026-10-02T14:00:09.6208797-05:00	00:00:00.7971573
Passed	Sillar.Modules.Catalog.Tests.CatalogSelectionTests	Sillar.Modules.Catalog.Tests.CatalogSelectionTests.Pedir_cero_o_menos_devuelve_uno	2026-10-02T13:59:57.4936706-05:00	00:00:00.3076257
Passed	Sillar.Modules.Catalog.Tests.CatalogSelectionTests	Sillar.Modules.Catalog.Tests.CatalogSelectionTests.Pedir_mas_del_tope_devuelve_el_tope	2026-10-02T13:59:58.0609033-05:00	00:00:00.0008312
Passed	Sillar.Modules.Catalog.Tests.CatalogSelectionTests	Sillar.Modules.Catalog.Tests.CatalogSelectionTests.Un_limite_razonable_se_respeta	2026-10-02T13:59:58.0864006-05:00	00:00:00.0004657
Passed	Sillar.Modules.Catalog.Tests.CatalogTranslationTests	Sillar.Modules.Catalog.Tests.CatalogTranslationTests.Buscar_para_seleccion_se_traduce_y_se_ejecuta	2026-10-02T14:00:09.6194984-05:00	00:00:00.5513382
Passed	Sillar.Modules.Catalog.Tests.CatalogTranslationTests	Sillar.Modules.Catalog.Tests.CatalogTranslationTests.La_busqueda_no_distingue_tildes_ni_mayusculas	2026-10-02T13:59:58.2762816-05:00	00:00:11.3036648
Passed	Sillar.Modules.Catalog.Tests.CatalogTranslationTests	Sillar.Modules.Catalog.Tests.CatalogTranslationTests.Obtener_para_seleccion_se_traduce_y_devuelve_lo_mismo_que_buscar	2026-10-02T14:00:10.4648695-05:00	00:00:00.0719068
Passed	Sillar.Modules.Catalog.Tests.CatalogTranslationTests	Sillar.Modules.Catalog.Tests.CatalogTranslationTests.Un_producto_de_baja_no_se_puede_elegir_pero_si_releer	2026-10-02T14:00:10.3886134-05:00	00:00:00.0729160
Passed	Sillar.Modules.Catalog.Tests.CatalogTranslationTests	Sillar.Modules.Catalog.Tests.CatalogTranslationTests.Un_producto_que_no_existe_se_relee_como_nulo	2026-10-02T14:00:10.1852676-05:00	00:00:00.1942599
Passed	Sillar.Modules.Catalog.Tests.CategoryTreeTests	Sillar.Modules.Catalog.Tests.CategoryTreeTests.Asignar_un_padre_sin_relacion_no_es_ciclo	2026-10-02T13:59:58.0909029-05:00	00:00:00.0389264
Passed	Sillar.Modules.Catalog.Tests.CategoryTreeTests	Sillar.Modules.Catalog.Tests.CategoryTreeTests.Asignar_una_raiz_nueva_no_es_ciclo	2026-10-02T13:59:57.4938035-05:00	00:00:00.2435610
Passed	Sillar.Modules.Catalog.Tests.CategoryTreeTests	Sillar.Modules.Catalog.Tests.CategoryTreeTests.Mover_una_hoja_a_otra_rama_no_es_ciclo	2026-10-02T13:59:58.1306747-05:00	00:00:00.0179604
Passed	Sillar.Modules.Catalog.Tests.CategoryTreeTests	Sillar.Modules.Catalog.Tests.CategoryTreeTests.Ser_padre_de_si_misma_es_ciclo	2026-10-02T13:59:58.0662913-05:00	00:00:00.0231522
Passed	Sillar.Modules.Catalog.Tests.CategoryTreeTests	Sillar.Modules.Catalog.Tests.CategoryTreeTests.Un_ciclo_largo_tambien_se_detecta	2026-10-02T13:59:58.1502561-05:00	00:00:00.0063310
Passed	Sillar.Modules.Catalog.Tests.ItemPricingTests	Sillar.Modules.Catalog.Tests.ItemPricingTests.Cero_no_es_lo_mismo_que_nulo	2026-10-02T13:59:58.3094017-05:00	00:00:00.0151273
Passed	Sillar.Modules.Catalog.Tests.ItemPricingTests	Sillar.Modules.Catalog.Tests.ItemPricingTests.Con_precio_propio_lo_usa_a_el	2026-10-02T13:59:58.1641044-05:00	00:00:00.1056077
Passed	Sillar.Modules.Catalog.Tests.ItemPricingTests	Sillar.Modules.Catalog.Tests.ItemPricingTests.El_minimo_cuenta_lo_que_se_hereda_no_solo_lo_propio	2026-10-02T13:59:57.4935164-05:00	00:00:00.3605085
Passed	Sillar.Modules.Catalog.Tests.ItemPricingTests	Sillar.Modules.Catalog.Tests.ItemPricingTests.Gratis_es_un_precio_y_puede_ser_el_minimo	2026-10-02T13:59:58.0965807-05:00	00:00:00.0007712
Passed	Sillar.Modules.Catalog.Tests.ItemPricingTests	Sillar.Modules.Catalog.Tests.ItemPricingTests.Nulo_en_los_dos_es_consultar_precio_no_cero	2026-10-02T13:59:58.1306747-05:00	00:00:00.0155261
Passed	Sillar.Modules.Catalog.Tests.ItemPricingTests	Sillar.Modules.Catalog.Tests.ItemPricingTests.Si_cuestan_distinto_la_tarjeta_ensena_el_minimo_con_desde	2026-10-02T13:59:58.1511391-05:00	00:00:00.0108536
Passed	Sillar.Modules.Catalog.Tests.ItemPricingTests	Sillar.Modules.Catalog.Tests.ItemPricingTests.Si_todas_las_presentaciones_cuestan_igual_la_tarjeta_no_dice_desde	2026-10-02T13:59:58.0502248-05:00	00:00:00.0221125
Passed	Sillar.Modules.Catalog.Tests.ItemPricingTests	Sillar.Modules.Catalog.Tests.ItemPricingTests.Sin_precio_propio_usa_el_de_lista	2026-10-02T13:59:58.2823078-05:00	00:00:00.0006658
Passed	Sillar.Modules.Catalog.Tests.ItemPricingTests	Sillar.Modules.Catalog.Tests.ItemPricingTests.Un_producto_sin_presentaciones_ensena_su_precio_de_lista	2026-10-02T13:59:58.1198951-05:00	00:00:00.0094315
Passed	Sillar.Modules.Catalog.Tests.ItemPricingTests	Sillar.Modules.Catalog.Tests.ItemPricingTests.Una_sola_a_consultar_deja_toda_la_tarjeta_a_consultar	2026-10-02T13:59:58.2937794-05:00	00:00:00.0144403
Passed	Sillar.Modules.Catalog.Tests.ProductEventTests	Sillar.Modules.Catalog.Tests.ProductEventTests.Cambiar_las_categorias_avisa	2026-10-02T14:00:09.6192599-05:00	00:00:01.4176974
Passed	Sillar.Modules.Catalog.Tests.ProductEventTests	Sillar.Modules.Catalog.Tests.ProductEventTests.Dar_de_baja_y_reactivar_avisan_los_dos	2026-10-02T14:00:11.0386694-05:00	00:00:00.5770724
Passed	Sillar.Modules.Catalog.Tests.ProductEventTests	Sillar.Modules.Catalog.Tests.ProductEventTests.Editar_una_presentacion_avisa_de_que_cambio_el_producto	2026-10-02T13:59:57.4937696-05:00	00:00:12.0198652
Passed	Sillar.Modules.Catalog.Tests.ProductEventTests	Sillar.Modules.Catalog.Tests.ProductEventTests.La_forma_interna_del_producto_no_cambia_lo_que_se_emite	2026-10-02T14:00:11.6220275-05:00	00:00:00.7048871
Passed	Sillar.Modules.Catalog.Tests.ProductItemRulesTests	Sillar.Modules.Catalog.Tests.ProductItemRulesTests.El_mensaje_no_es_un_error_generico	2026-10-02T13:59:57.9937400-05:00	00:00:00.0612115
Passed	Sillar.Modules.Catalog.Tests.ProductItemRulesTests	Sillar.Modules.Catalog.Tests.ProductItemRulesTests.Si_es_la_ultima_el_mensaje_propone_desactivar_el_producto	2026-10-02T13:59:58.0737862-05:00	00:00:00.0008864
Passed	Sillar.Modules.Catalog.Tests.ProductItemRulesTests	Sillar.Modules.Catalog.Tests.ProductItemRulesTests.Si_no_es_la_ultima_no_hay_bloqueo	2026-10-02T13:59:57.4924113-05:00	00:00:00.2311086
Passed	Sillar.Modules.Catalog.Tests.SlugGeneratorTests	Sillar.Modules.Catalog.Tests.SlugGeneratorTests.Formatos_invalidos_no_pasan(slug: "")	2026-10-02T13:59:58.0784388-05:00	00:00:00.0005961
Passed	Sillar.Modules.Catalog.Tests.SlugGeneratorTests	Sillar.Modules.Catalog.Tests.SlugGeneratorTests.Formatos_invalidos_no_pasan(slug: "-artesco")	2026-10-02T13:59:58.1351763-05:00	00:00:00.0000777
Passed	Sillar.Modules.Catalog.Tests.SlugGeneratorTests	Sillar.Modules.Catalog.Tests.SlugGeneratorTests.Formatos_invalidos_no_pasan(slug: "Artesco")	2026-10-02T13:59:58.1186170-05:00	00:00:00.0002742
Passed	Sillar.Modules.Catalog.Tests.SlugGeneratorTests	Sillar.Modules.Catalog.Tests.SlugGeneratorTests.Formatos_invalidos_no_pasan(slug: "artesco verde")	2026-10-02T13:59:58.1002856-05:00	00:00:00.0000799
Passed	Sillar.Modules.Catalog.Tests.SlugGeneratorTests	Sillar.Modules.Catalog.Tests.SlugGeneratorTests.Formatos_invalidos_no_pasan(slug: "artesco-")	2026-10-02T13:59:58.0713060-05:00	00:00:00.0003538
Passed	Sillar.Modules.Catalog.Tests.SlugGeneratorTests	Sillar.Modules.Catalog.Tests.SlugGeneratorTests.Formatos_invalidos_no_pasan(slug: "artesco--verde")	2026-10-02T13:59:58.1340870-05:00	00:00:00.0000931
Passed	Sillar.Modules.Catalog.Tests.SlugGeneratorTests	Sillar.Modules.Catalog.Tests.SlugGeneratorTests.Formatos_invalidos_no_pasan(slug: null)	2026-10-02T13:59:58.1526546-05:00	00:00:00.0000927
Passed	Sillar.Modules.Catalog.Tests.SlugGeneratorTests	Sillar.Modules.Catalog.Tests.SlugGeneratorTests.Formatos_validos_pasan(slug: "a4-100-hojas")	2026-10-02T13:59:57.9705831-05:00	00:00:00.0010483
Passed	Sillar.Modules.Catalog.Tests.SlugGeneratorTests	Sillar.Modules.Catalog.Tests.SlugGeneratorTests.Formatos_validos_pasan(slug: "artesco")	2026-10-02T13:59:57.9809198-05:00	00:00:00.0000727
Passed	Sillar.Modules.Catalog.Tests.SlugGeneratorTests	Sillar.Modules.Catalog.Tests.SlugGeneratorTests.Formatos_validos_pasan(slug: "plumon-de-pizarra-verde")	2026-10-02T13:59:57.4937006-05:00	00:00:00.2638285
Passed	Sillar.Modules.Catalog.Tests.SlugGeneratorTests	Sillar.Modules.Catalog.Tests.SlugGeneratorTests.La_ene_con_virgulilla_pliega_a_ene	2026-10-02T13:59:58.2433054-05:00	00:00:00.0003856
Passed	Sillar.Modules.Catalog.Tests.SlugGeneratorTests	Sillar.Modules.Catalog.Tests.SlugGeneratorTests.Las_tildes_desaparecen_sin_dejar_hueco	2026-10-02T13:59:58.2592051-05:00	00:00:00.0193705
Passed	Sillar.Modules.Catalog.Tests.SlugGeneratorTests	Sillar.Modules.Catalog.Tests.SlugGeneratorTests.Lo_que_genera_esta_clase_siempre_es_valido_para_ella_misma	2026-10-02T13:59:58.2097872-05:00	00:00:00.0008307
Passed	Sillar.Modules.Catalog.Tests.SlugGeneratorTests	Sillar.Modules.Catalog.Tests.SlugGeneratorTests.Los_espacios_multiples_no_dejan_guiones_dobles	2026-10-02T13:59:58.2333078-05:00	00:00:00.0004139
Passed	Sillar.Modules.Catalog.Tests.SlugGeneratorTests	Sillar.Modules.Catalog.Tests.SlugGeneratorTests.No_hay_guion_al_principio_ni_al_final	2026-10-02T13:59:58.2242830-05:00	00:00:00.0005052
Passed	Sillar.Modules.Catalog.Tests.SlugGeneratorTests	Sillar.Modules.Catalog.Tests.SlugGeneratorTests.Un_nombre_simple_se_pasa_a_minusculas_y_guiones	2026-10-02T13:59:58.1637187-05:00	00:00:00.0390804
Passed	Sillar.Modules.Cms.Tests.ContratosHttpTests	Sillar.Modules.Cms.Tests.ContratosHttpTests.Administracion_de_trabajos_distingue_los_incompletos	2026-10-02T13:59:59.9529750-05:00	00:00:00.0148936
Passed	Sillar.Modules.Cms.Tests.ContratosHttpTests	Sillar.Modules.Cms.Tests.ContratosHttpTests.Administracion_distingue_el_estado_del_producto_del_estado_del_destacado	2026-10-02T14:00:01.4140680-05:00	00:00:00.0048769
Passed	Sillar.Modules.Cms.Tests.ContratosHttpTests	Sillar.Modules.Cms.Tests.ContratosHttpTests.Destacados_exponen_el_snapshot_sin_precio_formateado	2026-10-02T14:00:01.3974049-05:00	00:00:00.0087528
Passed	Sillar.Modules.Cms.Tests.ContratosHttpTests	Sillar.Modules.Cms.Tests.ContratosHttpTests.Editar_no_permite_desactivar_ni_reordenar_por_un_campo_suelto	2026-10-02T13:59:59.3265961-05:00	00:00:00.2329605
Passed	Sillar.Modules.Cms.Tests.ContratosHttpTests	Sillar.Modules.Cms.Tests.ContratosHttpTests.Las_tres_respuestas_programables_exponen_un_estado_controlado	2026-10-02T13:59:59.9849793-05:00	00:00:01.3903598
Passed	Sillar.Modules.Cms.Tests.ContratosHttpTests	Sillar.Modules.Cms.Tests.ContratosHttpTests.Ninguna_respuesta_publica_expone_identificadores_de_medios	2026-10-02T14:00:01.3793643-05:00	00:00:00.0113956
Passed	Sillar.Modules.Cms.Tests.ContratosHttpTests	Sillar.Modules.Cms.Tests.ContratosHttpTests.Trabajos_y_redes_no_exponen_estado_de_ventana	2026-10-02T14:00:01.4098205-05:00	00:00:00.0005213
Passed	Sillar.Modules.Cms.Tests.EventosCatalogoTests	Sillar.Modules.Cms.Tests.EventosCatalogoTests.Los_tres_manejadores_se_registran_como_singleton_para_el_bus_raiz	2026-10-02T13:59:59.3265043-05:00	00:00:00.5473466
Passed	Sillar.Modules.Cms.Tests.ProductoDestacadoTests	Sillar.Modules.Cms.Tests.ProductoDestacadoTests.Precio_a_consultar_gratis_y_positivo_son_validos	2026-10-02T14:00:00.9892190-05:00	00:00:00.0073070
Passed	Sillar.Modules.Cms.Tests.ProductoDestacadoTests	Sillar.Modules.Cms.Tests.ProductoDestacadoTests.Precio_negativo_se_rechaza	2026-10-02T14:00:01.1141383-05:00	00:00:00.0015871
Passed	Sillar.Modules.Cms.Tests.ProductoDestacadoTests	Sillar.Modules.Cms.Tests.ProductoDestacadoTests.Producto_dado_de_baja_no_puede_publicarse_aunque_siga_publico	2026-10-02T14:00:01.0234340-05:00	00:00:00.0226496
Passed	Sillar.Modules.Cms.Tests.ProductoDestacadoTests	Sillar.Modules.Cms.Tests.ProductoDestacadoTests.Producto_no_publico_no_puede_publicarse	2026-10-02T14:00:01.0794475-05:00	00:00:00.0188178
Passed	Sillar.Modules.Cms.Tests.ProductoDestacadoTests	Sillar.Modules.Cms.Tests.ProductoDestacadoTests.Producto_publico_y_enlazado_puede_publicarse	2026-10-02T14:00:01.0477792-05:00	00:00:00.0162127
Passed	Sillar.Modules.Cms.Tests.ProductoDestacadoTests	Sillar.Modules.Cms.Tests.ProductoDestacadoTests.Releer_el_snapshot_sobrescribe_el_estado_del_producto_y_es_idempotente	2026-10-02T14:00:00.9429412-05:00	00:00:00.0423306
Passed	Sillar.Modules.Cms.Tests.ProductoDestacadoTests	Sillar.Modules.Cms.Tests.ProductoDestacadoTests.Respuesta_conserva_precio_nulo_cero_y_positivo_como_estados_distintos	2026-10-02T13:59:59.3267073-05:00	00:00:01.5120304
Passed	Sillar.Modules.Cms.Tests.ProductoDestacadoTests	Sillar.Modules.Cms.Tests.ProductoDestacadoTests.Snapshot_con_producto_no_esta_pendiente_de_volver_a_enlazar	2026-10-02T14:00:01.0147495-05:00	00:00:00.0009253
Passed	Sillar.Modules.Cms.Tests.ProductoDestacadoTests	Sillar.Modules.Cms.Tests.ProductoDestacadoTests.Snapshot_sin_producto_esta_pendiente_de_volver_a_enlazar	2026-10-02T14:00:01.1253088-05:00	00:00:00.0142362
Passed	Sillar.Modules.Cms.Tests.ReactivacionRedSocialTests	Sillar.Modules.Cms.Tests.ReactivacionRedSocialTests.Crear_desactivar_y_reactivar_instagram_recupera_la_misma_fila	2026-10-02T13:59:59.3237070-05:00	00:00:10.3979514
Passed	Sillar.Modules.Cms.Tests.ReactivacionRedSocialTests	Sillar.Modules.Cms.Tests.ReactivacionRedSocialTests.Reactivar_exige_editor_y_admin_para_aplicar_la_jerarquia_existente	2026-10-02T14:00:10.1336116-05:00	00:00:00.6507315
Passed	Sillar.Modules.Cms.Tests.ReactivacionRedSocialTests	Sillar.Modules.Cms.Tests.ReactivacionRedSocialTests.Reactivar_una_activa_es_idempotente_y_un_id_inexistente_no_se_inventa	2026-10-02T14:00:09.8815535-05:00	00:00:00.2499435
Passed	Sillar.Modules.Cms.Tests.ReglasContenidoTests	Sillar.Modules.Cms.Tests.ReglasContenidoTests.Enlace_sin_texto_visible_se_rechaza	2026-10-02T14:00:00.2579314-05:00	00:00:00.0003148
Passed	Sillar.Modules.Cms.Tests.ReglasContenidoTests	Sillar.Modules.Cms.Tests.ReglasContenidoTests.Fecha_de_fin_anterior_nombra_la_fecha_que_hay_que_corregir	2026-10-02T14:00:00.2954213-05:00	00:00:00.0056256
Passed	Sillar.Modules.Cms.Tests.ReglasContenidoTests	Sillar.Modules.Cms.Tests.ReglasContenidoTests.Fecha_de_fin_igual_al_inicio_tambien_se_rechaza	2026-10-02T14:00:00.2173191-05:00	00:00:00.0276292
Passed	Sillar.Modules.Cms.Tests.ReglasContenidoTests	Sillar.Modules.Cms.Tests.ReglasContenidoTests.Imagen_sin_texto_alternativo_se_rechaza	2026-10-02T13:59:59.3266805-05:00	00:00:00.2276759
Passed	Sillar.Modules.Cms.Tests.ReglasContenidoTests	Sillar.Modules.Cms.Tests.ReglasContenidoTests.Plataforma_social_fuera_de_la_lista_se_rechaza	2026-10-02T14:00:00.2804147-05:00	00:00:00.0091111
Passed	Sillar.Modules.Cms.Tests.ReglasContenidoTests	Sillar.Modules.Cms.Tests.ReglasContenidoTests.Plataforma_social_se_normaliza(original: " WHATSAPP ", expected: "whatsapp")	2026-10-02T14:00:00.1910946-05:00	00:00:00.0125167
Passed	Sillar.Modules.Cms.Tests.ReglasContenidoTests	Sillar.Modules.Cms.Tests.ReglasContenidoTests.Plataforma_social_se_normaliza(original: "Instagram", expected: "instagram")	2026-10-02T14:00:00.1454460-05:00	00:00:00.0243404
Passed	Sillar.Modules.Cms.Tests.ReglasContenidoTests	Sillar.Modules.Cms.Tests.ReglasContenidoTests.Ruta_interna_y_https_con_etiqueta_se_aceptan(url: "/catalogo")	2026-10-02T13:59:59.9827276-05:00	00:00:00.0015351
Passed	Sillar.Modules.Cms.Tests.ReglasContenidoTests	Sillar.Modules.Cms.Tests.ReglasContenidoTests.Ruta_interna_y_https_con_etiqueta_se_aceptan(url: "https://sillar.example/catalogo")	2026-10-02T13:59:59.9965892-05:00	00:00:00.1469325
Passed	Sillar.Modules.Cms.Tests.ReglasContenidoTests	Sillar.Modules.Cms.Tests.ReglasContenidoTests.Sin_imagen_el_texto_alternativo_puede_ser_nulo	2026-10-02T14:00:00.2698756-05:00	00:00:00.0003248
Passed	Sillar.Modules.Cms.Tests.ReglasContenidoTests	Sillar.Modules.Cms.Tests.ReglasContenidoTests.Texto_alternativo_de_espacios_se_rechaza_aunque_no_haya_imagen	2026-10-02T14:00:00.2052459-05:00	00:00:00.0105042
Passed	Sillar.Modules.Cms.Tests.ReordenamientoTests	Sillar.Modules.Cms.Tests.ReordenamientoTests.Cinco_elementos_reciben_exactamente_el_orden_solicitado	2026-10-02T14:00:00.0395394-05:00	00:00:00.3493321
Passed	Sillar.Modules.Cms.Tests.ReordenamientoTests	Sillar.Modules.Cms.Tests.ReordenamientoTests.Omitir_un_elemento_invalida_la_lista_completa	2026-10-02T13:59:59.9882960-05:00	00:00:00.0036309
Passed	Sillar.Modules.Cms.Tests.ReordenamientoTests	Sillar.Modules.Cms.Tests.ReordenamientoTests.Un_identificador_inexistente_invalida_el_plan_entero	2026-10-02T14:00:00.3997441-05:00	00:00:00.0121755
Passed	Sillar.Modules.Cms.Tests.ReordenamientoTests	Sillar.Modules.Cms.Tests.ReordenamientoTests.Un_identificador_repetido_no_produce_asignaciones_parciales	2026-10-02T13:59:59.3254946-05:00	00:00:00.4176074
Passed	Sillar.Modules.Cms.Tests.ReordenamientoTests	Sillar.Modules.Cms.Tests.ReordenamientoTests.Una_seccion_vacia_acepta_una_lista_vacia	2026-10-02T13:59:59.9494051-05:00	00:00:00.0322289
Passed	Sillar.Modules.Cms.Tests.TrabajoDestacadoTests	Sillar.Modules.Cms.Tests.TrabajoDestacadoTests.Con_imagen_activa_y_texto_alternativo_el_trabajo_esta_completo	2026-10-02T13:59:59.9636927-05:00	00:00:00.0144975
Passed	Sillar.Modules.Cms.Tests.TrabajoDestacadoTests	Sillar.Modules.Cms.Tests.TrabajoDestacadoTests.Con_medio_inactivo_el_trabajo_esta_incompleto	2026-10-02T13:59:59.9552604-05:00	00:00:00.0072333
Passed	Sillar.Modules.Cms.Tests.TrabajoDestacadoTests	Sillar.Modules.Cms.Tests.TrabajoDestacadoTests.Sin_imagen_el_trabajo_esta_incompleto	2026-10-02T13:59:59.3222049-05:00	00:00:00.2394760
Passed	Sillar.Modules.Cms.Tests.VigenciaPublicacionTests	Sillar.Modules.Cms.Tests.VigenciaPublicacionTests.Activo_sin_fechas_esta_vigente	2026-10-02T14:00:00.9270987-05:00	00:00:00.0351984
Passed	Sillar.Modules.Cms.Tests.VigenciaPublicacionTests	Sillar.Modules.Cms.Tests.VigenciaPublicacionTests.Banners_promociones_y_destacados_usan_la_misma_clasificacion	2026-10-02T14:00:00.7479626-05:00	00:00:00.0725899
Passed	Sillar.Modules.Cms.Tests.VigenciaPublicacionTests	Sillar.Modules.Cms.Tests.VigenciaPublicacionTests.Banners_promociones_y_destacados_usan_la_misma_expresion	2026-10-02T14:00:00.6491372-05:00	00:00:00.0884485
Passed	Sillar.Modules.Cms.Tests.VigenciaPublicacionTests	Sillar.Modules.Cms.Tests.VigenciaPublicacionTests.Dentro_del_intervalo_esta_vigente	2026-10-02T14:00:00.0551559-05:00	00:00:00.0448892
Passed	Sillar.Modules.Cms.Tests.VigenciaPublicacionTests	Sillar.Modules.Cms.Tests.VigenciaPublicacionTests.Empieza_exactamente_ahora_y_esta_vigente	2026-10-02T14:00:00.8908021-05:00	00:00:00.0147946
Passed	Sillar.Modules.Cms.Tests.VigenciaPublicacionTests	Sillar.Modules.Cms.Tests.VigenciaPublicacionTests.Estado_administrativo_respeta_la_misma_ventana(isActive: False, startMinutes: null, endMinutes: null, expected: Inactive)	2026-10-02T14:00:00.2964013-05:00	00:00:00.0353000
Passed	Sillar.Modules.Cms.Tests.VigenciaPublicacionTests	Sillar.Modules.Cms.Tests.VigenciaPublicacionTests.Estado_administrativo_respeta_la_misma_ventana(isActive: True, startMinutes: -1, endMinutes: 0, expected: Expired)	2026-10-02T14:00:00.3911310-05:00	00:00:00.1047991
Passed	Sillar.Modules.Cms.Tests.VigenciaPublicacionTests	Sillar.Modules.Cms.Tests.VigenciaPublicacionTests.Estado_administrativo_respeta_la_misma_ventana(isActive: True, startMinutes: -1, endMinutes: 1, expected: Current)	2026-10-02T14:00:00.5123588-05:00	00:00:00.0314142
Passed	Sillar.Modules.Cms.Tests.VigenciaPublicacionTests	Sillar.Modules.Cms.Tests.VigenciaPublicacionTests.Estado_administrativo_respeta_la_misma_ventana(isActive: True, startMinutes: -1, endMinutes: null, expected: Current)	2026-10-02T14:00:00.3328531-05:00	00:00:00.0493941
Passed	Sillar.Modules.Cms.Tests.VigenciaPublicacionTests	Sillar.Modules.Cms.Tests.VigenciaPublicacionTests.Estado_administrativo_respeta_la_misma_ventana(isActive: True, startMinutes: -2, endMinutes: -1, expected: Expired)	2026-10-02T14:00:00.5460741-05:00	00:00:00.0563449
Passed	Sillar.Modules.Cms.Tests.VigenciaPublicacionTests	Sillar.Modules.Cms.Tests.VigenciaPublicacionTests.Estado_administrativo_respeta_la_misma_ventana(isActive: True, startMinutes: 0, endMinutes: 1, expected: Current)	2026-10-02T14:00:00.1154361-05:00	00:00:00.1708693
Passed	Sillar.Modules.Cms.Tests.VigenciaPublicacionTests	Sillar.Modules.Cms.Tests.VigenciaPublicacionTests.Estado_administrativo_respeta_la_misma_ventana(isActive: True, startMinutes: 1, endMinutes: null, expected: Scheduled)	2026-10-02T14:00:00.4970266-05:00	00:00:00.0141586
Passed	Sillar.Modules.Cms.Tests.VigenciaPublicacionTests	Sillar.Modules.Cms.Tests.VigenciaPublicacionTests.Inactivo_no_esta_vigente_aunque_no_tenga_fechas	2026-10-02T13:59:59.3266458-05:00	00:00:00.6276646
Passed	Sillar.Modules.Cms.Tests.VigenciaPublicacionTests	Sillar.Modules.Cms.Tests.VigenciaPublicacionTests.Programado_para_despues_no_esta_vigente	2026-10-02T14:00:00.6057472-05:00	00:00:00.0326002
Passed	Sillar.Modules.Cms.Tests.VigenciaPublicacionTests	Sillar.Modules.Cms.Tests.VigenciaPublicacionTests.Termina_exactamente_ahora_y_ya_no_esta_vigente	2026-10-02T14:00:00.8259441-05:00	00:00:00.0381230
Passed	Sillar.Modules.Crm.Tests.ContactMessageContractTests	Sillar.Modules.Crm.Tests.ContactMessageContractTests.Respuestas_de_contacto_no_exponen_secretos(type: typeof(Sillar.Modules.Crm.Dtos.AdminContactMessageDetailResponse))	2026-10-02T14:00:00.2247694-05:00	00:00:00.0002111
Passed	Sillar.Modules.Crm.Tests.ContactMessageContractTests	Sillar.Modules.Crm.Tests.ContactMessageContractTests.Respuestas_de_contacto_no_exponen_secretos(type: typeof(Sillar.Modules.Crm.Dtos.AdminContactMessageListItemResponse))	2026-10-02T13:59:59.6846081-05:00	00:00:00.3121264
Passed	Sillar.Modules.Crm.Tests.ContactMessageContractTests	Sillar.Modules.Crm.Tests.ContactMessageContractTests.Respuestas_de_contacto_no_exponen_secretos(type: typeof(Sillar.Modules.Crm.Dtos.PublicContactAcceptedResponse))	2026-10-02T14:00:00.2149318-05:00	00:00:00.0008534
Passed	Sillar.Modules.Crm.Tests.ContactMessageServiceTests	Sillar.Modules.Crm.Tests.ContactMessageServiceTests.Admin_lee_y_da_de_baja_sin_borrar	2026-10-02T14:00:00.6892259-05:00	00:00:12.4685342
Passed	Sillar.Modules.Crm.Tests.ContactMessageServiceTests	Sillar.Modules.Crm.Tests.ContactMessageServiceTests.Sesion_valida_puede_vincular_customer_y_conserva_snapshot	2026-10-02T14:00:14.0776732-05:00	00:00:00.7874702
Passed	Sillar.Modules.Crm.Tests.ContactMessageServiceTests	Sillar.Modules.Crm.Tests.ContactMessageServiceTests.Sin_correo_ni_telefono_se_rechaza	2026-10-02T14:00:13.1842708-05:00	00:00:00.8865354
Passed	Sillar.Modules.Crm.Tests.ContactMessageServiceTests	Sillar.Modules.Crm.Tests.ContactMessageServiceTests.Visitante_guarda_mensaje_sin_customer_id	2026-10-02T14:00:14.8671152-05:00	00:00:00.2912694
Passed	Sillar.Modules.Crm.Tests.ContactSubmissionThrottleTests	Sillar.Modules.Crm.Tests.ContactSubmissionThrottleTests.Al_terminar_la_ventana_la_ip_puede_enviar_de_nuevo	2026-10-02T14:00:00.2576469-05:00	00:00:00.0194046
Passed	Sillar.Modules.Crm.Tests.ContactSubmissionThrottleTests	Sillar.Modules.Crm.Tests.ContactSubmissionThrottleTests.Cinco_intentos_entran_y_el_sexto_se_limita	2026-10-02T13:59:59.6834139-05:00	00:00:00.3271448
Passed	Sillar.Modules.Crm.Tests.ContactSubmissionThrottleTests	Sillar.Modules.Crm.Tests.ContactSubmissionThrottleTests.Otra_ip_tiene_su_propio_contador	2026-10-02T14:00:00.2445866-05:00	00:00:00.0120332
Passed	Sillar.Modules.Crm.Tests.CrmPersistenceTests	Sillar.Modules.Crm.Tests.CrmPersistenceTests.Test01_CrmInitial_aplica_desde_cero	2026-10-02T14:00:54.8048758-05:00	00:00:00.0467840
Passed	Sillar.Modules.Crm.Tests.CrmPersistenceTests	Sillar.Modules.Crm.Tests.CrmPersistenceTests.Test02_customer_y_address_generan_uuid_v7	2026-10-02T14:00:55.6913745-05:00	00:00:00.2043790
Passed	Sillar.Modules.Crm.Tests.CrmPersistenceTests	Sillar.Modules.Crm.Tests.CrmPersistenceTests.Test03_segunda_account_para_mismo_customer_falla	2026-10-02T14:00:58.3195554-05:00	00:00:00.3877175
Passed	Sillar.Modules.Crm.Tests.CrmPersistenceTests	Sillar.Modules.Crm.Tests.CrmPersistenceTests.Test04_email_duplicado_falla_con_ficha_no_activa(label: "baja")	2026-10-02T14:00:50.1072828-05:00	00:00:00.3526317
Passed	Sillar.Modules.Crm.Tests.CrmPersistenceTests	Sillar.Modules.Crm.Tests.CrmPersistenceTests.Test04_email_duplicado_falla_con_ficha_no_activa(label: "bloqueada")	2026-10-02T14:00:49.7556000-05:00	00:00:00.3509059
Passed	Sillar.Modules.Crm.Tests.CrmPersistenceTests	Sillar.Modules.Crm.Tests.CrmPersistenceTests.Test05_documento_duplicado_falla	2026-10-02T14:00:53.0190957-05:00	00:00:00.1961264
Passed	Sillar.Modules.Crm.Tests.CrmPersistenceTests	Sillar.Modules.Crm.Tests.CrmPersistenceTests.Test06_combinaciones_invalidas_lifecycle_fallan(isActive: False, hasDeact: False, hasBlocked: False, label: "inactiva sin deactivated_at ni blocked_at")	2026-10-02T14:00:51.7383453-05:00	00:00:00.1830077
Passed	Sillar.Modules.Crm.Tests.CrmPersistenceTests	Sillar.Modules.Crm.Tests.CrmPersistenceTests.Test06_combinaciones_invalidas_lifecycle_fallan(isActive: False, hasDeact: True, hasBlocked: True, label: "de baja y bloqueada a la vez")	2026-10-02T14:00:51.9221449-05:00	00:00:00.2041590
Passed	Sillar.Modules.Crm.Tests.CrmPersistenceTests	Sillar.Modules.Crm.Tests.CrmPersistenceTests.Test06_combinaciones_invalidas_lifecycle_fallan(isActive: True, hasDeact: False, hasBlocked: True, label: "activa pero con blocked_at")	2026-10-02T14:00:52.1272822-05:00	00:00:00.1784851
Passed	Sillar.Modules.Crm.Tests.CrmPersistenceTests	Sillar.Modules.Crm.Tests.CrmPersistenceTests.Test06_combinaciones_invalidas_lifecycle_fallan(isActive: True, hasDeact: True, hasBlocked: False, label: "activa pero con deactivated_at")	2026-10-02T14:00:51.5590352-05:00	00:00:00.1785666
Passed	Sillar.Modules.Crm.Tests.CrmPersistenceTests	Sillar.Modules.Crm.Tests.CrmPersistenceTests.Test07_reactivation_resolved_sin_requested_falla	2026-10-02T14:00:54.6272011-05:00	00:00:00.1762549
Passed	Sillar.Modules.Crm.Tests.CrmPersistenceTests	Sillar.Modules.Crm.Tests.CrmPersistenceTests.Test08_reactivation_resolved_anterior_a_requested_falla	2026-10-02T14:00:57.4354955-05:00	00:00:00.4616168
Passed	Sillar.Modules.Crm.Tests.CrmPersistenceTests	Sillar.Modules.Crm.Tests.CrmPersistenceTests.Test09_dos_preferidas_activas_del_mismo_cliente_falla	2026-10-02T14:00:50.6736382-05:00	00:00:00.2046688
Passed	Sillar.Modules.Crm.Tests.CrmPersistenceTests	Sillar.Modules.Crm.Tests.CrmPersistenceTests.Test10_purpose_invalido_falla(purpose: "")	2026-10-02T14:00:53.6131272-05:00	00:00:00.2099350
Passed	Sillar.Modules.Crm.Tests.CrmPersistenceTests	Sillar.Modules.Crm.Tests.CrmPersistenceTests.Test10_purpose_invalido_falla(purpose: "login")	2026-10-02T14:00:53.4151206-05:00	00:00:00.1970687
Passed	Sillar.Modules.Crm.Tests.CrmPersistenceTests	Sillar.Modules.Crm.Tests.CrmPersistenceTests.Test10_purpose_invalido_falla(purpose: "reset")	2026-10-02T14:00:53.2270380-05:00	00:00:00.1872308
Passed	Sillar.Modules.Crm.Tests.CrmPersistenceTests	Sillar.Modules.Crm.Tests.CrmPersistenceTests.Test11_consumo_concurrente_del_mismo_token_produce_un_ganador	2026-10-02T14:00:57.1211442-05:00	00:00:00.3134185
Passed	Sillar.Modules.Crm.Tests.CrmPersistenceTests	Sillar.Modules.Crm.Tests.CrmPersistenceTests.Test12_eliminar_schema_crm_no_toca_core_ni_catalog	2026-10-02T14:00:54.2992329-05:00	00:00:00.3269550
Passed	Sillar.Modules.Crm.Tests.CrmPersistenceTests	Sillar.Modules.Crm.Tests.CrmPersistenceTests.Test13_reinstalar_crminitial_sobre_schema_limpio_funciona	2026-10-02T14:00:53.8418423-05:00	00:00:00.4559793
Passed	Sillar.Modules.Crm.Tests.CrmPersistenceTests	Sillar.Modules.Crm.Tests.CrmPersistenceTests.Test14_nfc_y_nfd_chocan_en_uq_customers_email	2026-10-02T14:00:52.8123143-05:00	00:00:00.2058837
Passed	Sillar.Modules.Crm.Tests.CrmPersistenceTests	Sillar.Modules.Crm.Tests.CrmPersistenceTests.Test14b_base_rechaza_todos_los_blancos_que_dotnet_trim_recorta	2026-10-02T14:00:52.3072965-05:00	00:00:00.3167551
Passed	Sillar.Modules.Crm.Tests.CrmPersistenceTests	Sillar.Modules.Crm.Tests.CrmPersistenceTests.Test14c_migracion_falla_y_no_corrige_correos_preexistentes	2026-10-02T14:00:50.8796534-05:00	00:00:00.6779153
Passed	Sillar.Modules.Crm.Tests.CrmPersistenceTests	Sillar.Modules.Crm.Tests.CrmPersistenceTests.Test15_cambiar_email_limpia_email_verified_at	2026-10-02T14:00:56.4808093-05:00	00:00:00.6377594
Passed	Sillar.Modules.Crm.Tests.CrmPersistenceTests	Sillar.Modules.Crm.Tests.CrmPersistenceTests.Test16_cambiar_solo_mayusculas_no_invalida_email_verified_at	2026-10-02T14:00:50.4612428-05:00	00:00:00.2032333
Passed	Sillar.Modules.Crm.Tests.CrmPersistenceTests	Sillar.Modules.Crm.Tests.CrmPersistenceTests.Test17_sql_directo_nfc_nfd_is_distinct_from	2026-10-02T14:00:55.4356426-05:00	00:00:00.2541102
Passed	Sillar.Modules.Crm.Tests.CrmPersistenceTests	Sillar.Modules.Crm.Tests.CrmPersistenceTests.Test18_tablas_no_replicadas_no_tienen_origin_node_ni_row_version	2026-10-02T14:00:53.8245283-05:00	00:00:00.0165073
Passed	Sillar.Modules.Crm.Tests.CrmPersistenceTests	Sillar.Modules.Crm.Tests.CrmPersistenceTests.Test19_tablas_replicadas_tienen_origin_node_y_row_version_se_incrementa	2026-10-02T14:00:55.8969695-05:00	00:00:00.5818546
Passed	Sillar.Modules.Crm.Tests.CrmPersistenceTests	Sillar.Modules.Crm.Tests.CrmPersistenceTests.Test20_set_updated_at_modifica_updated_at	2026-10-02T14:00:58.7095454-05:00	00:00:00.4007198
Passed	Sillar.Modules.Crm.Tests.CrmPersistenceTests	Sillar.Modules.Crm.Tests.CrmPersistenceTests.Test21_busqueda_parcial_email_trgm	2026-10-02T14:00:49.5349055-05:00	00:00:00.2180558
Passed	Sillar.Modules.Crm.Tests.CrmPersistenceTests	Sillar.Modules.Crm.Tests.CrmPersistenceTests.Test22_busqueda_full_name_tsvector_pena	2026-10-02T14:00:54.8524466-05:00	00:00:00.1979393
Passed	Sillar.Modules.Crm.Tests.CrmPersistenceTests	Sillar.Modules.Crm.Tests.CrmPersistenceTests.Test23_contact_message_sin_customer_id	2026-10-02T14:00:52.6274468-05:00	00:00:00.1836572
Passed	Sillar.Modules.Crm.Tests.CrmPersistenceTests	Sillar.Modules.Crm.Tests.CrmPersistenceTests.Test24_contact_message_vinculado_y_fk_inexistente	2026-10-02T14:00:55.2294014-05:00	00:00:00.2049049
Passed	Sillar.Modules.Crm.Tests.CrmPersistenceTests	Sillar.Modules.Crm.Tests.CrmPersistenceTests.Test25_contact_message_sin_email_ni_phone_falla	2026-10-02T14:00:55.0513743-05:00	00:00:00.1773447
Passed	Sillar.Modules.Crm.Tests.CrmPersistenceTests	Sillar.Modules.Crm.Tests.CrmPersistenceTests.Test26_contact_messages_no_tiene_origin_node_ni_row_version	2026-10-02T14:00:53.2160800-05:00	00:00:00.0098975
Passed	Sillar.Modules.Crm.Tests.CrmPersistenceTests	Sillar.Modules.Crm.Tests.CrmPersistenceTests.Test27_contact_messages_set_updated_at_modifica_updated_at	2026-10-02T14:00:57.8978020-05:00	00:00:00.4211329
Passed	Sillar.Modules.Crm.Tests.CustomerAccountTokenServiceTests	Sillar.Modules.Crm.Tests.CustomerAccountTokenServiceTests.Invitacion_crea_cuenta_y_verifica_correo	2026-10-02T14:00:30.0770340-05:00	00:00:03.6533681
Passed	Sillar.Modules.Crm.Tests.CustomerAccountTokenServiceTests	Sillar.Modules.Crm.Tests.CustomerAccountTokenServiceTests.Recuperar_password_revoca_todas_las_sesiones	2026-10-02T14:00:15.1674846-05:00	00:00:11.1635586
Passed	Sillar.Modules.Crm.Tests.CustomerAccountTokenServiceTests	Sillar.Modules.Crm.Tests.CustomerAccountTokenServiceTests.Verificacion_guarda_hash_y_solo_el_ultimo_token_es_valido	2026-10-02T14:00:26.3346915-05:00	00:00:03.7390939
Passed	Sillar.Modules.Crm.Tests.CustomerAdminContractTests	Sillar.Modules.Crm.Tests.CustomerAdminContractTests.Respuestas_admin_no_exponen_secretos(type: typeof(Sillar.Modules.Crm.Dtos.AdminCustomerAccessResponse))	2026-10-02T14:00:00.2161751-05:00	00:00:00.0008021
Passed	Sillar.Modules.Crm.Tests.CustomerAdminContractTests	Sillar.Modules.Crm.Tests.CustomerAdminContractTests.Respuestas_admin_no_exponen_secretos(type: typeof(Sillar.Modules.Crm.Dtos.AdminCustomerAddressResponse))	2026-10-02T14:00:00.2279673-05:00	00:00:00.0000915
Passed	Sillar.Modules.Crm.Tests.CustomerAdminContractTests	Sillar.Modules.Crm.Tests.CustomerAdminContractTests.Respuestas_admin_no_exponen_secretos(type: typeof(Sillar.Modules.Crm.Dtos.AdminCustomerDetailResponse))	2026-10-02T14:00:00.2288425-05:00	00:00:00.0001047
Passed	Sillar.Modules.Crm.Tests.CustomerAdminContractTests	Sillar.Modules.Crm.Tests.CustomerAdminContractTests.Respuestas_admin_no_exponen_secretos(type: typeof(Sillar.Modules.Crm.Dtos.AdminCustomerInvitationResponse))	2026-10-02T13:59:59.6833586-05:00	00:00:00.3121021
Passed	Sillar.Modules.Crm.Tests.CustomerAdminContractTests	Sillar.Modules.Crm.Tests.CustomerAdminContractTests.Respuestas_admin_no_exponen_secretos(type: typeof(Sillar.Modules.Crm.Dtos.AdminCustomerListItemResponse))	2026-10-02T14:00:00.2379535-05:00	00:00:00.0001135
Passed	Sillar.Modules.Crm.Tests.CustomerAdminContractTests	Sillar.Modules.Crm.Tests.CustomerAdminContractTests.Solo_la_ficha_admin_puede_exponer_notas_internas	2026-10-02T14:00:00.2691957-05:00	00:00:00.0333534
Passed	Sillar.Modules.Crm.Tests.CustomerAdminServiceTests	Sillar.Modules.Crm.Tests.CustomerAdminServiceTests.Baja_revoca_sesiones_y_reactivar_no_las_resucita	2026-10-02T14:00:33.7332471-05:00	00:00:01.6360249
Passed	Sillar.Modules.Crm.Tests.CustomerAdminServiceTests	Sillar.Modules.Crm.Tests.CustomerAdminServiceTests.Crea_ficha_sin_cuenta_y_la_encuentra_por_busqueda	2026-10-02T14:00:37.2011863-05:00	00:00:01.8126231
Passed	Sillar.Modules.Crm.Tests.CustomerAdminServiceTests	Sillar.Modules.Crm.Tests.CustomerAdminServiceTests.Editar_correo_de_cuenta_verificada_la_deja_sin_verificar	2026-10-02T14:00:39.0230298-05:00	00:00:01.3076952
Passed	Sillar.Modules.Crm.Tests.CustomerAdminServiceTests	Sillar.Modules.Crm.Tests.CustomerAdminServiceTests.Invitacion_marca_estado_y_no_expone_el_token	2026-10-02T14:00:35.3816391-05:00	00:00:01.8176363
Passed	Sillar.Modules.Crm.Tests.CustomerAuthenticationServiceTests	Sillar.Modules.Crm.Tests.CustomerAuthenticationServiceTests.Cliente_inactivo_no_puede_abrir_sesion	2026-10-02T14:01:05.6443180-05:00	00:00:02.2487263
Passed	Sillar.Modules.Crm.Tests.CustomerAuthenticationServiceTests	Sillar.Modules.Crm.Tests.CustomerAuthenticationServiceTests.Correo_inexistente_y_password_incorrecto_tienen_mismo_resultado	2026-10-02T14:01:02.6193822-05:00	00:00:03.0243076
Passed	Sillar.Modules.Crm.Tests.CustomerAuthenticationServiceTests	Sillar.Modules.Crm.Tests.CustomerAuthenticationServiceTests.Login_correcto_crea_customer_session	2026-10-02T14:01:00.0258524-05:00	00:00:02.5926767
Passed	Sillar.Modules.Crm.Tests.CustomerIdentityTests	Sillar.Modules.Crm.Tests.CustomerIdentityTests.Cookie_csrf_de_cliente_es_legible_y_conserva_barreras	2026-10-02T13:59:59.6834413-05:00	00:00:00.3199872
Passed	Sillar.Modules.Crm.Tests.CustomerIdentityTests	Sillar.Modules.Crm.Tests.CustomerIdentityTests.Cookie_csrf_no_reemplaza_la_cookie_de_sesion	2026-10-02T14:00:00.6096216-05:00	00:00:00.0570298
Passed	Sillar.Modules.Crm.Tests.CustomerIdentityTests	Sillar.Modules.Crm.Tests.CustomerIdentityTests.Cookie_de_cliente_conserva_las_barreras_del_spec	2026-10-02T14:00:00.2615650-05:00	00:00:00.0170672
Passed	Sillar.Modules.Crm.Tests.CustomerIdentityTests	Sillar.Modules.Crm.Tests.CustomerIdentityTests.CurrentCustomer_ignora_claims_administrativos	2026-10-02T14:00:00.2807973-05:00	00:00:00.1158444
Passed	Sillar.Modules.Crm.Tests.CustomerIdentityTests	Sillar.Modules.Crm.Tests.CustomerIdentityTests.CurrentCustomer_lee_solo_claims_de_cliente	2026-10-02T14:00:00.4407321-05:00	00:00:00.1579730
Passed	Sillar.Modules.Crm.Tests.CustomerIdentityTests	Sillar.Modules.Crm.Tests.CustomerIdentityTests.Identidad_de_cliente_tiene_namespace_cookie_y_esquema_propios	2026-10-02T14:00:00.2425848-05:00	00:00:00.0006994
Passed	Sillar.Modules.Crm.Tests.CustomerLoginPolicyTests	Sillar.Modules.Crm.Tests.CustomerLoginPolicyTests.BCrypt_cliente_nunca_baja_de_factor_12	2026-10-02T14:00:00.3800332-05:00	00:00:00.0020620
Passed	Sillar.Modules.Crm.Tests.CustomerLoginPolicyTests	Sillar.Modules.Crm.Tests.CustomerLoginPolicyTests.Cuenta_no_se_bloquea_y_la_espera_crece	2026-10-02T14:00:00.3928105-05:00	00:00:00.0167783
Passed	Sillar.Modules.Crm.Tests.CustomerLoginPolicyTests	Sillar.Modules.Crm.Tests.CustomerLoginPolicyTests.Ip_tiene_un_margen_mucho_mas_generoso	2026-10-02T14:00:00.3865967-05:00	00:00:00.0047707
Passed	Sillar.Modules.Crm.Tests.CustomerLoginPolicyTests	Sillar.Modules.Crm.Tests.CustomerLoginPolicyTests.Sesion_cliente_tiene_politica_propia	2026-10-02T14:00:00.3761977-05:00	00:00:00.0009159
Passed	Sillar.Modules.Crm.Tests.CustomerPasswordExposureTests	Sillar.Modules.Crm.Tests.CustomerPasswordExposureTests.Criterio13_los_contratos_de_respuesta_no_exponen_password_ni_hash	2026-10-02T13:59:59.6846514-05:00	00:00:00.3462576
Passed	Sillar.Modules.Crm.Tests.CustomerProfileContractTests	Sillar.Modules.Crm.Tests.CustomerProfileContractTests.Contratos_publicos_no_exponen_campos_internos(type: typeof(Sillar.Modules.Crm.Contracts.CustomerOrderAddressSnapshot))	2026-10-02T13:59:59.6846980-05:00	00:00:00.3073727
Passed	Sillar.Modules.Crm.Tests.CustomerProfileContractTests	Sillar.Modules.Crm.Tests.CustomerProfileContractTests.Contratos_publicos_no_exponen_campos_internos(type: typeof(Sillar.Modules.Crm.Contracts.CustomerOrderSnapshot))	2026-10-02T14:00:00.2351122-05:00	00:00:00.0001794
Passed	Sillar.Modules.Crm.Tests.CustomerProfileContractTests	Sillar.Modules.Crm.Tests.CustomerProfileContractTests.Contratos_publicos_no_exponen_campos_internos(type: typeof(Sillar.Modules.Crm.Dtos.CustomerAddressResponse))	2026-10-02T14:00:00.2204003-05:00	00:00:00.0008164
Passed	Sillar.Modules.Crm.Tests.CustomerProfileContractTests	Sillar.Modules.Crm.Tests.CustomerProfileContractTests.Contratos_publicos_no_exponen_campos_internos(type: typeof(Sillar.Modules.Crm.Dtos.CustomerProfileResponse))	2026-10-02T14:00:00.2342352-05:00	00:00:00.0000935
Passed	Sillar.Modules.Crm.Tests.CustomerProfileServiceTests	Sillar.Modules.Crm.Tests.CustomerProfileServiceTests.Agrega_dos_direcciones_y_cambia_la_preferida	2026-10-02T14:00:48.7380456-05:00	00:00:00.2405357
Passed	Sillar.Modules.Crm.Tests.CustomerProfileServiceTests	Sillar.Modules.Crm.Tests.CustomerProfileServiceTests.Cambiar_correo_invalida_verificacion	2026-10-02T14:00:47.9923504-05:00	00:00:00.2730689
Passed	Sillar.Modules.Crm.Tests.CustomerProfileServiceTests	Sillar.Modules.Crm.Tests.CustomerProfileServiceTests.No_modifica_una_direccion_de_otro_cliente	2026-10-02T14:00:49.2177902-05:00	00:00:00.3139149
Passed	Sillar.Modules.Crm.Tests.CustomerProfileServiceTests	Sillar.Modules.Crm.Tests.CustomerProfileServiceTests.Perfil_no_expone_notas_internas	2026-10-02T14:00:48.9792881-05:00	00:00:00.2372317
Passed	Sillar.Modules.Crm.Tests.CustomerProfileServiceTests	Sillar.Modules.Crm.Tests.CustomerProfileServiceTests.Snapshot_para_M03_usa_solo_datos_publicables_del_cliente	2026-10-02T14:00:48.2660550-05:00	00:00:00.4711312
Passed	Sillar.Modules.Crm.Tests.CustomerRegistrationPolicyTests	Sillar.Modules.Crm.Tests.CustomerRegistrationPolicyTests.Password_comun_se_rechaza	2026-10-02T14:00:00.2802067-05:00	00:00:00.0004741
Passed	Sillar.Modules.Crm.Tests.CustomerRegistrationPolicyTests	Sillar.Modules.Crm.Tests.CustomerRegistrationPolicyTests.Password_con_identidad_se_rechaza	2026-10-02T14:00:00.2669750-05:00	00:00:00.0008762
Passed	Sillar.Modules.Crm.Tests.CustomerRegistrationPolicyTests	Sillar.Modules.Crm.Tests.CustomerRegistrationPolicyTests.Password_larga_sin_identidad_se_acepta	2026-10-02T13:59:59.6846791-05:00	00:00:00.3123226
Passed	Sillar.Modules.Crm.Tests.CustomerRegistrationPolicyTests	Sillar.Modules.Crm.Tests.CustomerRegistrationPolicyTests.Password_menor_de_12_se_rechaza	2026-10-02T14:00:00.2921557-05:00	00:00:00.0003722
Passed	Sillar.Modules.Crm.Tests.CustomerRegistrationServiceTests	Sillar.Modules.Crm.Tests.CustomerRegistrationServiceTests.Ficha_con_cuenta_no_reemplaza_la_password_existente	2026-10-02T14:00:42.6170721-05:00	00:00:03.1319128
Passed	Sillar.Modules.Crm.Tests.CustomerRegistrationServiceTests	Sillar.Modules.Crm.Tests.CustomerRegistrationServiceTests.Ficha_existente_sin_cuenta_se_enlaza_sin_duplicarla_ni_pisar_notas	2026-10-02T14:00:40.3345811-05:00	00:00:02.2815759
Passed	Sillar.Modules.Crm.Tests.CustomerRegistrationServiceTests	Sillar.Modules.Crm.Tests.CustomerRegistrationServiceTests.Registro_nuevo_crea_ficha_y_cuenta_no_verificada	2026-10-02T14:00:45.7503194-05:00	00:00:02.2396544
Passed	Sillar.Modules.Crm.Tests.CustomerSessionServiceTests	Sillar.Modules.Crm.Tests.CustomerSessionServiceTests.Abrir_sesion_guarda_solo_hashes_de_los_secretos	2026-10-02T14:00:59.7437107-05:00	00:00:00.2772430
Passed	Sillar.Modules.Crm.Tests.CustomerSessionServiceTests	Sillar.Modules.Crm.Tests.CustomerSessionServiceTests.Logout_revoca_la_fila_y_no_se_puede_rotar_csrf	2026-10-02T14:00:59.1127405-05:00	00:00:00.3736860
Passed	Sillar.Modules.Crm.Tests.CustomerSessionServiceTests	Sillar.Modules.Crm.Tests.CustomerSessionServiceTests.Rotar_csrf_invalida_el_token_anterior	2026-10-02T14:00:59.4871962-05:00	00:00:00.2557828
Passed	Sillar.Modules.Crm.Tests.CustomerTokenPolicyTests	Sillar.Modules.Crm.Tests.CustomerTokenPolicyTests.Invitacion_caduca	2026-10-02T14:00:00.2845188-05:00	00:00:00.0003530
Passed	Sillar.Modules.Crm.Tests.CustomerTokenPolicyTests	Sillar.Modules.Crm.Tests.CustomerTokenPolicyTests.Propósitos_coinciden_con_el_schema	2026-10-02T13:59:59.6823935-05:00	00:00:00.2669969
Passed	Sillar.Modules.Crm.Tests.CustomerTokenPolicyTests	Sillar.Modules.Crm.Tests.CustomerTokenPolicyTests.Recuperacion_es_corta	2026-10-02T14:00:00.2861503-05:00	00:00:00.0098259
Passed	Sillar.Modules.Crm.Tests.CustomerTokenPolicyTests	Sillar.Modules.Crm.Tests.CustomerTokenPolicyTests.Verificacion_caduca	2026-10-02T14:00:00.2562776-05:00	00:00:00.0152223
Passed	Sillar.Shared.Data.Tests.ReplicationMappingTests	Sillar.Shared.Data.Tests.ReplicationMappingTests.El_nodo_de_origen_es_obligatorio	2026-10-02T14:00:04.0301343-05:00	00:00:00.0077296
Passed	Sillar.Shared.Data.Tests.ReplicationMappingTests	Sillar.Shared.Data.Tests.ReplicationMappingTests.La_fecha_de_alta_la_pone_la_base_y_solo_al_insertar	2026-10-02T14:00:03.9562890-05:00	00:00:00.0699802
Passed	Sillar.Shared.Data.Tests.ReplicationMappingTests	Sillar.Shared.Data.Tests.ReplicationMappingTests.La_fecha_de_cambio_la_pone_el_trigger_al_insertar_y_al_actualizar	2026-10-02T14:00:04.0391539-05:00	00:00:00.0050760
Passed	Sillar.Shared.Data.Tests.ReplicationMappingTests	Sillar.Shared.Data.Tests.ReplicationMappingTests.La_version_nace_en_uno_y_no_la_genera_la_base	2026-10-02T14:00:04.0482900-05:00	00:00:00.0393521
Passed	Sillar.Shared.Data.Tests.ReplicationMappingTests	Sillar.Shared.Data.Tests.ReplicationMappingTests.Las_cuatro_columnas_llevan_el_nombre_en_snake_case_del_esquema	2026-10-02T13:59:58.1417560-05:00	00:00:05.6048397
Passed	Sillar.Shared.Data.Tests.ReplicationMappingTests	Sillar.Shared.Data.Tests.ReplicationMappingTests.Sin_MapReplication_EF_las_nombraria_de_otra_forma	2026-10-02T14:00:03.9461606-05:00	00:00:00.0059737
Passed	Sillar.Shared.Data.Tests.ReplicationStampingTests	Sillar.Shared.Data.Tests.ReplicationStampingTests.Al_modificar_no_se_reescriben_ni_el_origen_ni_la_fecha_de_alta	2026-10-02T13:59:58.1471051-05:00	00:00:06.0289563
Passed	Sillar.Shared.Data.Tests.ReplicationStampingTests	Sillar.Shared.Data.Tests.ReplicationStampingTests.Al_modificar_sube_la_version_y_el_origen_no_se_toca	2026-10-02T14:00:04.3629144-05:00	00:00:00.0091291
Passed	Sillar.Shared.Data.Tests.ReplicationStampingTests	Sillar.Shared.Data.Tests.ReplicationStampingTests.El_borrado_tampoco_sube_la_version	2026-10-02T14:00:04.3093664-05:00	00:00:00.0460006
Passed	Sillar.Shared.Data.Tests.ReplicationStampingTests	Sillar.Shared.Data.Tests.ReplicationStampingTests.Una_fila_nueva_nace_con_el_nodo_la_version_uno_y_las_dos_fechas	2026-10-02T14:00:04.3784325-05:00	00:00:00.0279654
Passed	Sillar.Shared.Data.Tests.ReplicationStampingTests	Sillar.Shared.Data.Tests.ReplicationStampingTests.Una_fila_sin_cambios_no_se_sella	2026-10-02T14:00:04.2647948-05:00	00:00:00.0404675
Passed	Sillar.Shared.Tests.ModuleActivationSafetyTests	Sillar.Shared.Tests.ModuleActivationSafetyTests.Activar_con_las_dependencias_duras_activas_si_esta_permitido	2026-10-02T13:59:58.2581613-05:00	00:00:00.0204286
Passed	Sillar.Shared.Tests.ModuleActivationSafetyTests	Sillar.Shared.Tests.ModuleActivationSafetyTests.Activar_con_una_dependencia_dura_inactiva_no_esta_permitido	2026-10-02T13:59:58.3073327-05:00	00:00:00.0273036
Passed	Sillar.Shared.Tests.ModuleActivationSafetyTests	Sillar.Shared.Tests.ModuleActivationSafetyTests.Desactivar_CORE_dejaria_a_todos_los_activos_sin_su_dependencia_dura	2026-10-02T13:59:57.6046172-05:00	00:00:00.2545618
Passed	Sillar.Shared.Tests.ModuleActivationSafetyTests	Sillar.Shared.Tests.ModuleActivationSafetyTests.Desactivar_en_orden_inverso_a_las_dependencias_si_esta_permitido	2026-10-02T13:59:58.3507332-05:00	00:00:00.0005391
Passed	Sillar.Shared.Tests.ModuleActivationSafetyTests	Sillar.Shared.Tests.ModuleActivationSafetyTests.Desactivar_un_modulo_del_que_otro_activo_depende_duro_no_esta_permitido	2026-10-02T13:59:58.2800062-05:00	00:00:00.0258722
Passed	Sillar.Shared.Tests.ModuleActivationSafetyTests	Sillar.Shared.Tests.ModuleActivationSafetyTests.Ninguna_secuencia_de_operaciones_permitidas_deja_el_sistema_sin_arrancar	2026-10-02T13:59:58.1746912-05:00	00:00:00.0818485
Passed	Sillar.Shared.Tests.ModuleActivationSafetyTests	Sillar.Shared.Tests.ModuleActivationSafetyTests.Una_dependencia_blanda_inactiva_no_impide_activar	2026-10-02T13:59:58.3738222-05:00	00:00:00.0275205
Passed	Sillar.Shared.Tests.ModuleActivationSafetyTests	Sillar.Shared.Tests.ModuleActivationSafetyTests.Una_dependencia_blanda_no_impide_desactivar_al_otro	2026-10-02T13:59:58.3433791-05:00	00:00:00.0007992
Passed	Sillar.Shared.Tests.ModuleActivationTests	Sillar.Shared.Tests.ModuleActivationTests.Con_todas_las_dependencias_duras_activas_no_hay_problema	2026-10-02T13:59:58.1800715-05:00	00:00:00.0340435
Passed	Sillar.Shared.Tests.ModuleActivationTests	Sillar.Shared.Tests.ModuleActivationTests.Lo_que_esta_apagado_no_se_juzga	2026-10-02T13:59:58.4243748-05:00	00:00:00.0032332
Passed	Sillar.Shared.Tests.ModuleActivationTests	Sillar.Shared.Tests.ModuleActivationTests.Se_reportan_todas_las_dependencias_que_faltan_no_solo_la_primera	2026-10-02T13:59:57.5949103-05:00	00:00:00.2843722
Passed	Sillar.Shared.Tests.ModuleActivationTests	Sillar.Shared.Tests.ModuleActivationTests.Un_modulo_activo_con_su_dependencia_dura_apagada_es_un_problema	2026-10-02T13:59:58.2153642-05:00	00:00:00.1993837
Passed	Sillar.Shared.Tests.ModuleActivationTests	Sillar.Shared.Tests.ModuleActivationTests.Una_dependencia_blanda_apagada_no_es_un_problema	2026-10-02T13:59:58.4380204-05:00	00:00:00.0139453
Passed	Sillar.Shared.Tests.ModuleActiveButUndeclaredTests	Sillar.Shared.Tests.ModuleActiveButUndeclaredTests.Lo_inactivo_y_ausente_no_es_un_problema	2026-10-02T13:59:58.2411906-05:00	00:00:00.0358434
Passed	Sillar.Shared.Tests.ModuleActiveButUndeclaredTests	Sillar.Shared.Tests.ModuleActiveButUndeclaredTests.Se_nombran_todos_los_que_faltan_no_solo_el_primero	2026-10-02T13:59:57.5955834-05:00	00:00:00.5301747
Passed	Sillar.Shared.Tests.ModuleActiveButUndeclaredTests	Sillar.Shared.Tests.ModuleActiveButUndeclaredTests.Si_todo_lo_activo_en_la_base_esta_declarado_no_hay_problema	2026-10-02T13:59:58.2784390-05:00	00:00:00.0006234
Passed	Sillar.Shared.Tests.ModuleActiveButUndeclaredTests	Sillar.Shared.Tests.ModuleActiveButUndeclaredTests.Sin_ningun_codigo_activo_no_hay_nada_que_reportar	2026-10-02T13:59:58.3321430-05:00	00:00:00.0093903
Passed	Sillar.Shared.Tests.ModuleActiveButUndeclaredTests	Sillar.Shared.Tests.ModuleActiveButUndeclaredTests.Un_codigo_activo_que_el_binario_no_trae_se_nombra	2026-10-02T13:59:58.2891526-05:00	00:00:00.0328324
Passed	Sillar.Shared.Tests.ModuleGraphTests	Sillar.Shared.Tests.ModuleGraphTests.Declarar_la_misma_dependencia_dura_y_blanda_avisa_y_manda_la_dura	2026-10-02T13:59:58.4157187-05:00	00:00:00.0015937
Passed	Sillar.Shared.Tests.ModuleGraphTests	Sillar.Shared.Tests.ModuleGraphTests.Dos_modulos_con_el_mismo_codigo_abortan	2026-10-02T13:59:58.5928767-05:00	00:00:00.0092295
Passed	Sillar.Shared.Tests.ModuleGraphTests	Sillar.Shared.Tests.ModuleGraphTests.El_orden_deja_cada_modulo_detras_de_sus_dependencias	2026-10-02T13:59:58.2223813-05:00	00:00:00.1363721
Passed	Sillar.Shared.Tests.ModuleGraphTests	Sillar.Shared.Tests.ModuleGraphTests.El_orden_no_depende_de_como_lleguen_los_modulos	2026-10-02T13:59:58.5180463-05:00	00:00:00.0113910
Passed	Sillar.Shared.Tests.ModuleGraphTests	Sillar.Shared.Tests.ModuleGraphTests.Sin_CORE_no_se_puede_arrancar	2026-10-02T13:59:58.1897717-05:00	00:00:00.0311940
Passed	Sillar.Shared.Tests.ModuleGraphTests	Sillar.Shared.Tests.ModuleGraphTests.Sin_ningun_modulo_no_se_puede_arrancar	2026-10-02T13:59:58.4259103-05:00	00:00:00.0059954
Passed	Sillar.Shared.Tests.ModuleGraphTests	Sillar.Shared.Tests.ModuleGraphTests.Un_ciclo_a_traves_de_una_dependencia_blanda_tambien_aborta	2026-10-02T13:59:58.4334298-05:00	00:00:00.0144961
Passed	Sillar.Shared.Tests.ModuleGraphTests	Sillar.Shared.Tests.ModuleGraphTests.Un_ciclo_aborta_e_indica_el_camino	2026-10-02T13:59:58.6151658-05:00	00:00:00.0051852
Passed	Sillar.Shared.Tests.ModuleGraphTests	Sillar.Shared.Tests.ModuleGraphTests.Un_codigo_que_no_sirve_como_schema_aborta(codigo: "")	2026-10-02T13:59:58.1472542-05:00	00:00:00.0011917
Passed	Sillar.Shared.Tests.ModuleGraphTests	Sillar.Shared.Tests.ModuleGraphTests.Un_codigo_que_no_sirve_como_schema_aborta(codigo: "1catalog")	2026-10-02T13:59:58.1652390-05:00	00:00:00.0001025
Passed	Sillar.Shared.Tests.ModuleGraphTests	Sillar.Shared.Tests.ModuleGraphTests.Un_codigo_que_no_sirve_como_schema_aborta(codigo: "Catalog")	2026-10-02T13:59:58.1662459-05:00	00:00:00.0000983
Passed	Sillar.Shared.Tests.ModuleGraphTests	Sillar.Shared.Tests.ModuleGraphTests.Un_codigo_que_no_sirve_como_schema_aborta(codigo: "c")	2026-10-02T13:59:58.1823344-05:00	00:00:00.0001269
Passed	Sillar.Shared.Tests.ModuleGraphTests	Sillar.Shared.Tests.ModuleGraphTests.Un_codigo_que_no_sirve_como_schema_aborta(codigo: "cata-logo")	2026-10-02T13:59:57.6046728-05:00	00:00:00.2809227
Passed	Sillar.Shared.Tests.ModuleGraphTests	Sillar.Shared.Tests.ModuleGraphTests.Un_codigo_que_no_sirve_como_schema_aborta(codigo: "catalogo_con_un_nombre_larguisimo_que_pasa_de_cuar"···)	2026-10-02T13:59:58.1597380-05:00	00:00:00.0001365
Passed	Sillar.Shared.Tests.ModuleGraphTests	Sillar.Shared.Tests.ModuleGraphTests.Un_grafo_correcto_es_valido	2026-10-02T13:59:58.6087135-05:00	00:00:00.0009858
Passed	Sillar.Shared.Tests.ModuleGraphTests	Sillar.Shared.Tests.ModuleGraphTests.Un_modulo_que_depende_de_si_mismo_aborta	2026-10-02T13:59:58.5450200-05:00	00:00:00.0061231
Passed	Sillar.Shared.Tests.ModuleGraphTests	Sillar.Shared.Tests.ModuleGraphTests.Un_modulo_que_no_declara_CORE_aborta	2026-10-02T13:59:58.6298932-05:00	00:00:00.0011195
Passed	Sillar.Shared.Tests.ModuleGraphTests	Sillar.Shared.Tests.ModuleGraphTests.Un_modulo_sin_descripcion_aborta(descripcion: "   ")	2026-10-02T13:59:58.5833437-05:00	00:00:00.0005230
Passed	Sillar.Shared.Tests.ModuleGraphTests	Sillar.Shared.Tests.ModuleGraphTests.Un_modulo_sin_descripcion_aborta(descripcion: "")	2026-10-02T13:59:58.5656900-05:00	00:00:00.0062987
Passed	Sillar.Shared.Tests.ModuleGraphTests	Sillar.Shared.Tests.ModuleGraphTests.Un_nombre_visible_vacio_aborta	2026-10-02T13:59:58.6259306-05:00	00:00:00.0010819
Passed	Sillar.Shared.Tests.ModuleGraphTests	Sillar.Shared.Tests.ModuleGraphTests.Una_dependencia_blanda_inexistente_solo_avisa	2026-10-02T13:59:58.5361343-05:00	00:00:00.0074251
Passed	Sillar.Shared.Tests.ModuleGraphTests	Sillar.Shared.Tests.ModuleGraphTests.Una_dependencia_dura_hacia_un_modulo_inexistente_aborta	2026-10-02T13:59:58.5575729-05:00	00:00:00.0013198
Passed	Sillar.Shared.Tests.ModuleGraphTests	Sillar.Shared.Tests.ModuleGraphTests.Una_descripcion_que_no_cabe_en_la_columna_aborta	2026-10-02T13:59:58.3632806-05:00	00:00:00.0425313
Passed	Sillar.Shared.Tests.ModuleGraphTests	Sillar.Shared.Tests.ModuleGraphTests.Una_posicion_negativa_en_el_panel_aborta	2026-10-02T13:59:58.5020321-05:00	00:00:00.0082995
Passed	Sillar.Shared.Tests.ModuleGraphTests	Sillar.Shared.Tests.ModuleGraphTests.Una_version_mal_formada_aborta(version: "")	2026-10-02T13:59:58.4934303-05:00	00:00:00.0001819
Passed	Sillar.Shared.Tests.ModuleGraphTests	Sillar.Shared.Tests.ModuleGraphTests.Una_version_mal_formada_aborta(version: "1.0")	2026-10-02T13:59:58.4917681-05:00	00:00:00.0006491
Passed	Sillar.Shared.Tests.ModuleGraphTests	Sillar.Shared.Tests.ModuleGraphTests.Una_version_mal_formada_aborta(version: "v1.0.0")	2026-10-02T13:59:58.4734029-05:00	00:00:00.0102243
Passed	Sillar.Shared.Tests.PagingTests	Sillar.Shared.Tests.PagingTests.El_salto_corresponde_a_la_pagina_pedida	2026-10-02T13:59:58.2107829-05:00	00:00:00.0039894
Passed	Sillar.Shared.Tests.PagingTests	Sillar.Shared.Tests.PagingTests.El_total_de_paginas_redondea_hacia_arriba	2026-10-02T13:59:58.2258157-05:00	00:00:00.0010592
Passed	Sillar.Shared.Tests.PagingTests	Sillar.Shared.Tests.PagingTests.La_ultima_pagina_no_tiene_siguiente	2026-10-02T13:59:57.6035422-05:00	00:00:00.2505529
Passed	Sillar.Shared.Tests.PagingTests	Sillar.Shared.Tests.PagingTests.No_se_puede_pedir_mas_del_maximo	2026-10-02T13:59:58.2605043-05:00	00:00:00.0020120
Passed	Sillar.Shared.Tests.PagingTests	Sillar.Shared.Tests.PagingTests.Sin_pedir_nada_se_devuelve_la_primera_pagina_de_cincuenta	2026-10-02T13:59:58.2453913-05:00	00:00:00.0005503
Passed	Sillar.Shared.Tests.PagingTests	Sillar.Shared.Tests.PagingTests.Sin_resultados_no_hay_paginas_ni_siguiente	2026-10-02T13:59:58.2888937-05:00	00:00:00.0004681
Passed	Sillar.Shared.Tests.PagingTests	Sillar.Shared.Tests.PagingTests.Un_tamano_de_cero_o_negativo_se_lleva_al_minimo	2026-10-02T13:59:58.2735575-05:00	00:00:00.0140306
Passed	Sillar.Shared.Tests.PagingTests	Sillar.Shared.Tests.PagingTests.Una_pagina_por_debajo_de_uno_se_trata_como_la_primera(pedida: -3)	2026-10-02T13:59:58.1888758-05:00	00:00:00.0121625
Passed	Sillar.Shared.Tests.PagingTests	Sillar.Shared.Tests.PagingTests.Una_pagina_por_debajo_de_uno_se_trata_como_la_primera(pedida: 0)	2026-10-02T13:59:58.1767296-05:00	00:00:00.0112145
