archivo	línea	proyecto	resultado	duración_ms	título
aa-vacios.spec.ts	39	chromium	expected	6475	Sin marcas, la pantalla invita a crear la primera
aa-vacios.spec.ts	62	chromium	expected	4923	Sin categorías, la pantalla invita a crear la primera
aa-vacios.spec.ts	79	chromium	expected	4668	Sin productos, la pantalla invita a crear el primero
aa-vacios.spec.ts	96	chromium	expected	1166	El sitio recién instalado tiene nombre, sin que nadie lo escriba dos veces
aa-vacios.spec.ts	136	chromium	expected	1289	Sin contenido publicado, la portada no enseña ningún bloque de M02
aa-vacios.spec.ts	189	chromium	expected	1233	Con el catálogo vacío, la portada no invita a verlo
aa-vacios.spec.ts	246	chromium	expected	24713	Con el catálogo vacío y nadie más aportando, la portada lo dice
aa-vacios.spec.ts	311	chromium	expected	1207	Con M02 activo y sin redes publicadas, no hay pie en el documento
aa-vacios.spec.ts	359	chromium	expected	6067	Mientras las redes se cargan, el pie no aparece ni parpadea
api-traduccion.spec.ts	111	chromium	expected	3618	Ningún endpoint de M01 revienta al traducir su consulta a SQL
api-traduccion.spec.ts	136	chromium	expected	1835	Ningún endpoint responde 200 con el cuerpo vacío
api-traduccion.spec.ts	179	chromium	expected	989	La lista de endpoints vigilados no se queda corta
auditoria.spec.ts	19	chromium	expected	3961	Para filtrar por persona no hace falta saberse ningún identificador
catalogo.spec.ts	46	chromium	expected	5804	Una marca creada aparece en el listado con su dirección web
catalogo.spec.ts	65	chromium	expected	7042	Crear ARTESCO existiendo Artesco explica que los nombres no distinguen mayúsculas
catalogo.spec.ts	102	chromium	expected	9497	Dar de baja una marca avisa sin contar productos y no actúa en cascada
catalogo.spec.ts	139	chromium	expected	3554	El indicador de carga no parpadea en una respuesta rápida
catalogo.spec.ts	177	chromium	expected	2707	El foco no se pierde y Escape cierra el panel sin guardar
catalogo.spec.ts	209	chromium	expected	48201	Con M01 desactivado no queda entrada de menú, ni ruta viva, ni hueco en el inicio
categorias.spec.ts	40	chromium	expected	10651	Una subcategoría se ve colgando de su padre, no suelta
categorias.spec.ts	68	chromium	expected	3266	Una categoría no puede colgar de su propia descendiente
categorias.spec.ts	94	chromium	expected	12656	Dar de baja una categoría con productos dice cuántos se quedan sin ella
categorias.spec.ts	182	chromium	expected	3081	El slug repetido de una categoría se explica sin jerga
categorias.spec.ts	206	chromium	expected	2713	El foco no se pierde y Escape cierra el panel sin guardar
componentes.spec.ts	45	chromium	expected	6339	El contraste de lo designado se cumple en los dos temas
componentes.spec.ts	65	chromium	expected	2551	Un filtro encendido lo dice sin depender del color
componentes.spec.ts	87	chromium	expected	2384	Los controles pequeños llegan al mínimo táctil
configuracion.spec.ts	12	chromium	expected	9448	Los datos sin definir se destacan y se cuentan
configuracion.spec.ts	41	chromium	expected	8613	Con rol admin el interruptor de publicación está deshabilitado y dice por qué
configuracion.spec.ts	65	chromium	expected	2068	Con rol super_admin el interruptor de publicación sí se puede usar
contenido.spec.ts	88	chromium	expected	15904	Un banner se crea, se edita, cambia de sitio y se desactiva, y la portada lo sigue
contenido.spec.ts	204	chromium	expected	14174	Reactivar una red social recupera su misma fila, no crea otra
contenido.spec.ts	299	chromium	expected	16146	Un producto se busca, se destaca y su snapshot se pone al día cuando el catálogo cambia
contenido.spec.ts	446	chromium	expected	5802	Con contenido de los cuatro tipos, la portada enseña los cuatro bloques
contenido.spec.ts	608	chromium	expected	3912	Una red publicada aparece en el pie de toda la web pública
contenido.spec.ts	664	chromium	expected	4009	Navegar por la web pública no remonta al contribuyente del pie
contenido.spec.ts	757	chromium	expected	2431	Al retirar todo el contenido, la portada vuelve a quedarse sin bloques
contenido.spec.ts	836	chromium	expected	72260	Con M02 activo y sin nada publicado, la portada lo dice en vez de quedarse muda
core-email-settings.spec.ts	7	chromium	expected	4690	CORE/M04 — super_admin configura y diagnostica SMTP sin exponer el secreto
core-email-settings.spec.ts	47	chromium	expected	2580	CORE/M04 — admin puede ver SMTP pero no editarlo ni probarlo
crm-admin-customers.spec.ts	4	chromium	expected	4938	M04 — panel crea, edita, invita y reactiva una ficha
crm-auth-isolation.spec.ts	58	chromium	expected	2769	la cookie de cliente no autentica rutas del panel
crm-auth-isolation.spec.ts	70	chromium	expected	870	la cookie administrativa no autentica rutas de cliente
crm-contact.spec.ts	4	chromium	expected	4511	M04 — contacto público llega al panel y admite baja lógica
crm-customer-auth.spec.ts	6	chromium	expected	5780	M04 — registro, login y sesiones cliente/panel coexisten
crm-customer-profile.spec.ts	5	chromium	expected	5882	M04 — perfil muestra verificación y cambia dirección preferida
crm-email-verification.spec.ts	93	chromium	expected	26258	M04 criterio 1 — el registro recibe y consume su correo de verificación
crm-final-accessibility.spec.ts	6	chromium	expected	12333	M04 — contacto público y panel quedan limpios en axe, claro y oscuro
crm-final-accessibility.spec.ts	19	chromium	expected	2856	M04 — contacto respeta reduced motion y sigue limpio en axe
errores-de-arranque-y-reinicio.spec.ts	64	chromium	expected	3008	H03: un 503 sin respuesta del servidor no se presenta igual que una negativa del instalador
errores-de-arranque-y-reinicio.spec.ts	75	chromium	expected	6459	H03: tras un corte de red en modo instalación, reintentar vuelve a enviar la instalación
errores-de-arranque-y-reinicio.spec.ts	134	chromium	expected	1797	H08: tras el reinicio, el primer Reintentar ya alcanza al servidor en cuanto ha vuelto
errores-de-arranque-y-reinicio.spec.ts	152	chromium	expected	6096	H08: si el servidor vuelve todavía en modo instalación, Reintentar lo alcanza
errores-de-arranque-y-reinicio.spec.ts	169	chromium	expected	1440	H22: un fallo de /api/setup/status no se atribuye a los módulos
errores-de-arranque-y-reinicio.spec.ts	181	chromium	expected	1427	H22: un corte de red no aconseja revisar un módulo recién activado si nadie activó ninguno
errores-de-arranque-y-reinicio.spec.ts	191	chromium	expected	1595	H22 (contraste): si fallan las capacidades, se ve una página de error con Reintentar, no una pantalla vacía
h29-navegacion-estrecha.spec.ts	54	chromium	expected	3310	H29: a 390 px hay topbar compacta y 16 destinos usan grupos plegables
h29-navegacion-estrecha.spec.ts	103	chromium	expected	2822	H29: editor con 10 destinos conserva disclosures
h29-navegacion-estrecha.spec.ts	118	chromium	expected	2736	H29: editor con CORE y Catálogo tiene 5 destinos sin disclosures
h29-navegacion-estrecha.spec.ts	139	chromium	expected	2619	H29: cuenta estrecha conserva tema, contraseña y cierre de sesión
h29-navegacion-estrecha.spec.ts	169	chromium	expected	2658	H29: movimiento reducido elimina el desplazamiento de las superficies
h29-navegacion-estrecha.spec.ts	216	chromium	expected	2157	H29: escritorio conserva la barra lateral y oculta los controles móviles
imagenes-asociadas.spec.ts	40	chromium	expected	3824	Quitar la asociación de una imagen no borra el archivo, y otro producto la sigue viendo
imagenes-asociadas.spec.ts	152	chromium	expected	3243	Una recarga de la ficha que llega tarde no reabre el cajón que el guardado cerró
imagenes-asociadas.spec.ts	262	chromium	expected	2815	Una asociación de imagen que termina después del guardado no reabre el cajón
medios-compartidos.spec.ts	23	chromium	expected	1176	Dar de baja un archivo usado por cuatro cosas no rompe ninguna
medios.spec.ts	48	chromium	expected	9585	Los tres rechazos de subida dicen cosas distintas entre sí
medios.spec.ts	89	chromium	expected	6505	Subir dos veces el mismo archivo avisa, no falla
medios.spec.ts	109	chromium	expected	7308	Antes de dar de baja un archivo se avisa sin contar cuántos lo usan
medios.spec.ts	155	chromium	expected	885	El resumen de una subida no contiene el identificador, y la entrada sigue completa
modulos.spec.ts	15	chromium	expected	6412	Las cuatro variantes de tarjeta se ven correctas
modulos.spec.ts	30	chromium	expected	2364	Se pinta una tarjeta por cada módulo que el servidor conoce
modulos.spec.ts	57	chromium	expected	2215	CORE aparece sin interruptor, no con uno deshabilitado
modulos.spec.ts	77	chromium	expected	9655	Una tarjeta bloqueada nombra el módulo que le falta y enlaza a él
modulos.spec.ts	101	chromium	expected	11617	El diálogo de confirmación dice la verdad sobre el reinicio
modulos.spec.ts	159	chromium	expected	6707	El 409 al desactivar nombra quién bloquea y no reinicia nada
modulos.spec.ts	228	chromium	expected	23666	Activar lleva al estado de reconexión y vuelve solo, con la sesión abierta
movil-teclado.spec.ts	99	chromium	expected	18018	A 390 px, ninguna pantalla del panel se sale por la derecha
movil-teclado.spec.ts	120	chromium	expected	5127	A 390 px, ninguna pantalla pública se sale por la derecha
movil-teclado.spec.ts	155	chromium	expected	3073	A 390 px, el menú del panel sigue estando y lleva a todas partes
movil-teclado.spec.ts	196	chromium	expected	16658	Con el teclado se llega al contenido de cada pantalla, y el foco se ve
presentaciones.spec.ts	45	chromium	expected	10465	El momento: los valores se quedan, se anuncia con palabras y el cursor va a la segunda
presentaciones.spec.ts	91	chromium	expected	4402	El momento funciona entero con movimiento reducido
presentaciones.spec.ts	115	chromium	expected	4259	La vuelta atrás cambia de nombre según si destruye algo
presentaciones.spec.ts	130	chromium	expected	11813	Ninguna celda de precio queda en blanco: dice de qué hereda y con qué valor
presentaciones.spec.ts	157	chromium	expected	4869	Dos presentaciones sin código conviven, y la interfaz dice que está bien
presentaciones.spec.ts	185	chromium	expected	10235	El caso del plumón: tres colores, tres códigos de barras, un solo nombre y precio
presentaciones.spec.ts	239	chromium	expected	5104	El caso del cuaderno: dos precios propios conviven con el del producto
presentaciones.spec.ts	268	chromium	expected	3936	Desactivar la última presentación activa propone desactivar el producto
presentaciones.spec.ts	302	chromium	expected	7517	Un código repetido dice con qué producto choca
presentaciones.spec.ts	327	chromium	expected	4100	A 390 px la tabla es una tarjeta por presentación, sin perder campos ni acciones
producto-categorias.spec.ts	66	chromium	expected	7670	Con una sola categoría no hay nada que elegir, y se dice por qué
producto-categorias.spec.ts	85	chromium	expected	8637	Dos categorías: se elige la principal, y la elección sobrevive al guardado
producto-categorias.spec.ts	125	chromium	expected	3296	Quitar la principal promueve otra y lo dice con palabras
productos.spec.ts	56	chromium	expected	7617	El caso del restaurante: un plato sin código ni precio, y sin la palabra «variante»
productos.spec.ts	102	chromium	expected	6991	Nulo es «consultar» y cero es «gratis», y no se confunden
productos.spec.ts	128	chromium	expected	3076	Renombrar un producto no cambia su dirección web
productos.spec.ts	149	chromium	expected	3565	El código de la variante única se guarda y se relee como campo del producto
productos.spec.ts	174	chromium	expected	2721	El listado pagina, y se llega a la página 2 con controles alcanzables en móvil
productos.spec.ts	228	chromium	expected	2123	Un campo y un botón puestos en la misma fila miden lo mismo
public-contact.spec.ts	47	chromium	expected	2936	§18 — CORE publica contacto y su WhatsApp prevalece sobre CMS
public-contact.spec.ts	130	chromium	expected	2806	§18 — valores pendientes o vacíos no se publican
recorrido.spec.ts	28	chromium	expected	32969	El recorrido de la demostración, de entrar al panel a verlo en la tienda
sesion-csrf.spec.ts	31	chromium	expected	6236	Dos pestañas escriben alternando sin que ninguna reciba un 403
setup-arranque.spec.ts	3	chromium	expected	1794	migraciones pendientes no abren el asistente
setup-arranque.spec.ts	40	chromium	expected	3176	Ir al acceso espera modo normal antes de cambiar de URL
tarjeta-precio.spec.ts	72	chromium	expected	5181	Con presentaciones de distinto precio, la tarjeta dice «Desde» y el más barato
tarjeta-precio.spec.ts	110	chromium	expected	2403	Si una presentación es «a consultar», toda la tarjeta lo es
tarjeta-precio.spec.ts	140	chromium	expected	2202	Con todas al mismo precio, la tarjeta no dice «Desde»
tarjeta-precio.spec.ts	168	chromium	expected	2646	El listado de una categoría enseña el mismo precio que el general
teclado.spec.ts	70	chromium	expected	3182	El foco nunca se pierde al recorrer Módulos con Tab
teclado.spec.ts	78	chromium	expected	7985	El foco nunca se pierde al recorrer Usuarios con Tab
teclado.spec.ts	86	chromium	expected	2971	El Tab no se escapa del diálogo abierto
teclado.spec.ts	110	chromium	expected	2566	Escape cierra el diálogo sin ejecutar la acción
teclado.spec.ts	130	chromium	expected	7245	El anillo de foco se ve al abrir el diálogo con el ratón
teclado.spec.ts	174	chromium	expected	12535	Un aviso que caduca no mueve el foco del panel ni del diálogo abiertos
tema.spec.ts	19	chromium	expected	2332	Con el sistema en oscuro, elegir tema claro deja la interfaz clara de verdad
tienda.spec.ts	129	chromium	expected	8567	El caso del cono: en las dos categorías, y la miga usa solo la principal
tienda.spec.ts	158	chromium	expected	2517	Buscar «lapiz» devuelve «LÁPIZ», y el término se queda en el campo
tienda.spec.ts	174	chromium	expected	7031	Cero y vacío se distinguen sin leer la letra pequeña
tienda.spec.ts	204	chromium	expected	2484	Los productos sin foto llenan su cuadrado y la rejilla no parece rota
tienda.spec.ts	229	chromium	expected	2164	Un producto despublicado responde 404, no 403
tienda.spec.ts	276	chromium	expected	2440	Con la categoría principal desactivada, la miga cae a otra activa
tienda.spec.ts	314	chromium	expected	2984	Cambiar de filtro vuelve a la página 1, y la paginación se usa a 390 px
tienda.spec.ts	364	chromium	expected	41028	Con M01 desactivado, las rutas públicas desaparecen y el inicio no deja hueco
transversal.spec.ts	41	chromium	expected	18968	Ninguna pantalla dice «Ha ocurrido un error»
transversal.spec.ts	51	chromium	expected	15660	Ningún botón se llama «Aceptar»
transversal.spec.ts	99	chromium	expected	13581	Ninguna pantalla enseña un identificador al usuario
transversal.spec.ts	131	chromium	expected	4479	La auditoría no enseña identificadores
transversal.spec.ts	204	chromium	expected	3637	Con movimiento reducido, el indicador se detiene y sigue diciendo qué espera
transversal.spec.ts	269	chromium	expected	2029	El proyecto dice qué preferencia de movimiento aplica, y coincide
transversal.spec.ts	293	chromium	expected	15995	Cada pantalla tiene su propio título de documento
transversal.spec.ts	313	chromium	expected	2813	Al cambiar de ruta el foco va al contenido, no se queda en el menú
transversal.spec.ts	344	chromium	expected	2185	El enlace de salto existe, está oculto y aparece al enfocarlo
transversal.spec.ts	41	chromium-movimiento-reducido	expected	16561	Ninguna pantalla dice «Ha ocurrido un error»
transversal.spec.ts	51	chromium-movimiento-reducido	expected	15284	Ningún botón se llama «Aceptar»
transversal.spec.ts	99	chromium-movimiento-reducido	expected	13375	Ninguna pantalla enseña un identificador al usuario
transversal.spec.ts	131	chromium-movimiento-reducido	expected	4330	La auditoría no enseña identificadores
transversal.spec.ts	204	chromium-movimiento-reducido	expected	3774	Con movimiento reducido, el indicador se detiene y sigue diciendo qué espera
transversal.spec.ts	269	chromium-movimiento-reducido	expected	1972	El proyecto dice qué preferencia de movimiento aplica, y coincide
transversal.spec.ts	293	chromium-movimiento-reducido	expected	14683	Cada pantalla tiene su propio título de documento
transversal.spec.ts	313	chromium-movimiento-reducido	expected	2693	Al cambiar de ruta el foco va al contenido, no se queda en el menú
transversal.spec.ts	344	chromium-movimiento-reducido	expected	2069	El enlace de salto existe, está oculto y aparece al enfocarlo
zz-desmontaje.spec.ts	104	chromium	expected	41437	Desactivar M01 no borra nada, y al volver el catálogo está donde lo dejaron
zz-instalacion.spec.ts	44	chromium	expected	3188	Swagger lleva las rutas de M01, y ningún cuerpo de ningún módulo se queda sin ejemplo
zz-instalacion.spec.ts	97	chromium	expected	1105	Los scripts del catálogo son idempotentes
zz-instalacion.spec.ts	114	chromium	expected	79218	El schema catalog se elimina sin llevarse nada de core
