hora	testhost_vivos	ensamblados	pg_conexiones	pg_activas	pg_bases_efimeras
22:59:34	0	-	1	1	0
22:59:36	0	-	1	1	0
22:59:38	0	-	1	1	0
22:59:41	0	-	1	1	0
22:59:43	0	-	1	1	0
22:59:45	0	-	1	1	0
22:59:48	0	-	1	1	0
22:59:50	0	-	1	1	0
22:59:53	0	-	1	1	0
22:59:56	0	-	1	1	0
22:59:59	0	-	1	1	0
23:00:02	0	-	1	1	0
23:00:04	0	-	1	1	0
23:00:07	0	-	1	1	0
23:00:10	0	-	1	1	0
23:00:13	0	-	1	1	0
23:00:16	0	-	1	1	0
23:00:19	0	-	1	1	0
23:00:21	0	-	1	1	0
23:00:24	0	-	1	1	0
23:00:27	0	-	1	1	0
23:00:30	0	-	1	1	0
23:00:33	0	-	1	1	0
23:00:36	0	-	1	1	0
23:00:39	0	-	1	1	0
23:00:41	0	-	1	1	0
23:00:44	0	-	1	1	0
23:00:47	0	-	1	1	0
23:00:50	0	-	1	1	0
23:00:53	0	-	1	1	0
23:00:55	0	-	1	1	0
23:00:57	0	-	1	1	0
23:01:00	0	-	1	1	0
23:01:02	0	-	1	1	0
23:01:04	0	-	2	2	0
23:01:06	0	-	1	1	0
23:01:09	0	-	1	1	0
23:01:11	0	-	2	2	0
23:01:13	0	-	1	1	0
23:01:15	0	-	1	1	0
23:01:18	0	-	2	1	0
23:01:20	0	-	1	1	0
23:01:22	0	-	1	1	0
23:01:24	0	-	1	1	0
23:01:27	0	-	2	2	0
23:01:29	0	-	1	1	0
23:01:31	0	-	1	1	0
23:01:33	0	-	2	1	0
23:01:35	0	-	1	1	0
23:01:38	0	-	1	1	0
23:01:40	0	-	1	1	0
23:01:42	0	-	1	1	0
23:01:44	0	-	1	1	0
23:01:47	0	-	1	1	0
23:01:49	0	-	1	1	0
23:01:51	0	-	1	1	0
23:01:53	0	-	1	1	0
23:01:55	0	-	1	1	0
23:01:58	0	-	1	1	0
23:02:00	0	-	1	1	0
23:02:02	0	-	1	1	0
23:02:05	1	Sillar.Shared.Tests	1	1	0
23:02:07	0	-	1	1	0
23:02:09	1	Sillar.Core.Tests	1	1	0
23:02:12	1	Sillar.Core.Tests	7	1	6
23:02:14	1	Sillar.Core.Tests	8	8	7
23:02:16	1	Sillar.Core.Tests	7	5	7
23:02:19	1	Sillar.Core.Tests	5	5	5
23:02:21	1	Sillar.Core.Tests	5	5	3
23:02:23	1	Sillar.Core.Tests	6	6	4
23:02:25	1	Sillar.Core.Tests	5	4	4
23:02:28	1	Sillar.Core.Tests	4	3	3
23:02:30	1	Sillar.Core.Tests	5	5	4
23:02:32	1	Sillar.Core.Tests	6	5	1
23:02:35	1	Sillar.Core.Tests	5	5	4
23:02:37	1	Sillar.Core.Tests	7	1	4
23:02:39	1	Sillar.Core.Tests	5	5	3
23:02:41	1	Sillar.Core.Tests	5	5	3
23:02:44	1	Sillar.Core.Tests	5	5	4
23:02:46	1	Sillar.Core.Tests	4	3	1
23:02:48	1	Sillar.Core.Tests	3	2	1
23:02:51	1	Sillar.Modules.Catalog.Tests	1	1	0
23:02:53	1	Sillar.Modules.Catalog.Tests	1	1	0
23:02:55	1	Sillar.Modules.Catalog.Tests	4	1	0
23:02:58	1	Sillar.Modules.Catalog.Tests	1	1	0
23:03:00	1	Sillar.Modules.Cms.Tests	1	1	0
23:03:02	1	Sillar.Modules.Cms.Tests	1	1	0
23:03:05	1	Sillar.Modules.Cms.Tests	1	1	0
23:03:07	1	Sillar.Modules.Crm.Tests	1	1	0
23:03:09	1	Sillar.Modules.Crm.Tests	1	1	0
23:03:11	1	Sillar.Modules.Crm.Tests	2	1	0
23:03:14	1	Sillar.Modules.Crm.Tests	2	1	0
23:03:16	1	Sillar.Modules.Crm.Tests	2	1	0
23:03:18	1	Sillar.Modules.Crm.Tests	2	2	0
23:03:20	1	Sillar.Modules.Crm.Tests	2	1	0
23:03:23	1	Sillar.Modules.Crm.Tests	2	1	0
23:03:25	1	Sillar.Modules.Crm.Tests	2	1	0
23:03:27	1	Sillar.Modules.Crm.Tests	2	2	0
23:03:29	1	Sillar.Modules.Crm.Tests	2	2	0
23:03:32	1	Sillar.Modules.Crm.Tests	2	2	0
23:03:34	1	Sillar.Modules.Crm.Tests	2	2	0
23:03:36	1	Sillar.Modules.Crm.Tests	2	2	0
23:03:39	1	Sillar.Modules.Crm.Tests	2	2	0
23:03:41	1	Sillar.Modules.Crm.Tests	2	1	0
23:03:43	1	Sillar.Modules.Crm.Tests	2	2	0
23:03:45	1	Sillar.Modules.Crm.Tests	2	2	0
23:03:48	1	Sillar.Modules.Crm.Tests	2	2	0
23:03:50	1	Sillar.Modules.Crm.Tests	2	2	0
23:03:52	1	Sillar.Modules.Crm.Tests	2	2	0
23:03:54	1	Sillar.Modules.Crm.Tests	3	2	0
23:03:56	1	Sillar.Modules.Crm.Tests	4	1	0
23:03:59	1	Sillar.Modules.Crm.Tests	4	1	0
23:04:01	1	Sillar.Modules.Crm.Tests	4	1	0
23:04:03	1	Sillar.Shared.Data.Tests	1	1	0
23:04:06	0	-	1	1	0
23:04:08	1	Sillar.Api.Tests	1	1	0
23:04:10	1	Sillar.Api.Tests	3	1	2
23:04:13	1	Sillar.Api.Tests	5	1	2
23:04:15	1	Sillar.Api.Tests	7	1	2
23:04:17	1	Sillar.Api.Tests	7	2	2
23:04:20	1	Sillar.Api.Tests	3	1	2
23:04:22	1	Sillar.Api.Tests	5	1	2
23:04:24	1	Sillar.Api.Tests	5	1	2
23:04:27	1	Sillar.Api.Tests	5	1	2
23:04:29	1	Sillar.Api.Tests	7	1	2
23:04:31	1	Sillar.Api.Tests	3	1	1
23:04:33	1	Sillar.Api.Tests	2	1	1
23:04:36	1	Sillar.Api.Tests	3	1	1
23:04:38	1	Sillar.Api.Tests	4	2	1
23:04:40	1	Sillar.Api.Tests	4	1	1
23:04:42	1	Sillar.Api.Tests	2	1	1
23:04:45	1	Sillar.Api.Tests	3	1	1
23:04:47	1	Sillar.Api.Tests	3	1	1
23:04:49	1	Sillar.Api.Tests	4	1	1
23:04:51	1	Sillar.Api.Tests	4	1	1
23:04:54	1	Sillar.Api.Tests	5	1	1
23:04:56	1	Sillar.Modules.B2B.Tests	1	1	0
23:04:58	1	Sillar.Modules.B2B.Tests	6	6	0
23:05:01	1	Sillar.Modules.B2B.Tests	6	1	5
23:05:03	1	Sillar.Modules.B2B.Tests	6	6	5
23:05:05	1	Sillar.Modules.B2B.Tests	3	3	1
23:05:08	1	Sillar.Modules.B2B.Tests	5	5	4
23:05:10	1	Sillar.Modules.B2B.Tests	4	4	1
23:05:12	1	Sillar.Modules.B2B.Tests	4	3	4
23:05:15	1	Sillar.Modules.B2B.Tests	4	4	1
23:05:17	1	Sillar.Modules.B2B.Tests	5	5	4
23:05:19	1	Sillar.Modules.B2B.Tests	5	5	4
23:05:21	1	Sillar.Modules.B2B.Tests	5	5	2
23:05:24	1	Sillar.Modules.B2B.Tests	5	5	4
23:05:26	1	Sillar.Modules.B2B.Tests	5	5	4
23:05:28	1	Sillar.Modules.B2B.Tests	5	5	4
23:05:31	1	Sillar.Modules.B2B.Tests	3	3	3
23:05:33	1	Sillar.Modules.B2B.Tests	5	5	4
23:05:35	1	Sillar.Modules.B2B.Tests	5	5	4
23:05:38	1	Sillar.Modules.B2B.Tests	5	5	4
23:05:40	1	Sillar.Modules.B2B.Tests	5	5	4
23:05:42	1	Sillar.Modules.B2B.Tests	2	2	3
23:05:44	1	Sillar.Modules.B2B.Tests	4	4	3
23:05:47	1	Sillar.Modules.B2B.Tests	4	4	3
23:05:49	1	Sillar.Modules.B2B.Tests	4	4	3
23:05:51	1	Sillar.Modules.B2B.Tests	4	4	3
23:05:53	1	Sillar.Modules.B2B.Tests	4	4	3
23:05:56	1	Sillar.Modules.B2B.Tests	3	3	2
23:05:58	1	Sillar.Modules.B2B.Tests	4	4	3
23:06:00	1	Sillar.Modules.B2B.Tests	2	2	2
23:06:02	1	Sillar.Modules.B2B.Tests	2	2	2
23:06:04	1	Sillar.Modules.B2B.Tests	3	3	2
23:06:07	1	Sillar.Modules.B2B.Tests	3	3	2
23:06:09	1	Sillar.Modules.B2B.Tests	3	3	2
23:06:11	1	Sillar.Modules.B2B.Tests	2	2	1
23:06:13	1	Sillar.Modules.Sales.Tests	1	1	0
23:06:16	1	Sillar.Modules.Sales.Tests	2	1	0
23:06:18	1	Sillar.Modules.Sales.Tests	2	1	0
23:06:20	1	Sillar.Modules.Services.Tests	1	1	0
23:06:22	1	Sillar.Modules.Services.Tests	2	1	0
23:06:25	1	Sillar.Modules.Services.Tests	2	1	0
23:06:27	0	-	1	1	0
23:06:29	1	Sillar.Modules.ServiceOrders.Tests	1	1	0
23:06:32	1	Sillar.Modules.ServiceOrders.Tests	1	1	7
23:06:34	1	Sillar.Modules.ServiceOrders.Tests	1	1	7
23:06:36	1	Sillar.Modules.ServiceOrders.Tests	7	7	7
23:06:39	1	Sillar.Modules.ServiceOrders.Tests	7	6	1
23:06:41	1	Sillar.Modules.ServiceOrders.Tests	7	7	6
23:06:43	1	Sillar.Modules.ServiceOrders.Tests	6	6	4
23:06:45	1	Sillar.Modules.ServiceOrders.Tests	7	7	6
23:06:48	1	Sillar.Modules.ServiceOrders.Tests	5	4	4
23:06:50	1	Sillar.Modules.ServiceOrders.Tests	5	4	4
23:06:52	1	Sillar.Modules.ServiceOrders.Tests	3	3	2
23:06:55	1	Sillar.Modules.ServiceOrders.Tests	3	2	2
23:06:57	1	Sillar.Modules.ServiceOrders.Tests	2	2	1
23:06:59	0	-	1	1	0
23:07:01	1	Sillar.Modules.Tracking.Tests	1	1	0
23:07:04	1	Sillar.Modules.Tracking.Tests	1	1	3
23:07:06	1	Sillar.Modules.Tracking.Tests	4	2	3
23:07:08	1	Sillar.Modules.Tracking.Tests	4	4	3
23:07:11	1	Sillar.Modules.Tracking.Tests	4	4	2
23:07:13	1	Sillar.Modules.Tracking.Tests	3	3	3
23:07:15	1	Sillar.Modules.Tracking.Tests	3	3	2
23:07:17	1	Sillar.Modules.Tracking.Tests	2	1	2
23:07:20	1	Sillar.Modules.Tracking.Tests	3	3	2
23:07:22	1	Sillar.Modules.Tracking.Tests	2	1	2
23:07:24	1	Sillar.Modules.Tracking.Tests	3	3	2
23:07:27	1	Sillar.Modules.Tracking.Tests	3	3	1
23:07:29	1	Sillar.Modules.Tracking.Tests	1	1	1
23:07:31	1	Sillar.Modules.Tracking.Tests	2	2	1
23:07:33	0	-	1	1	0
23:07:36	0	-	1	1	0
23:07:38	0	-	1	1	0
23:07:40	0	-	1	1	0
23:07:42	0	-	1	1	0
23:07:45	0	-	1	1	0
23:07:47	0	-	1	1	0
23:07:49	0	-	1	1	0
23:07:51	0	-	1	1	0
23:07:54	0	-	1	1	0
23:07:57	0	-	1	1	0
23:08:00	0	-	1	1	0
23:08:02	0	-	1	1	0
23:08:04	0	-	1	1	0
23:08:07	0	-	1	1	0
23:08:09	0	-	1	1	0
23:08:11	0	-	1	1	0
23:08:13	0	-	1	1	0
23:08:16	0	-	1	1	0
23:08:18	0	-	1	1	0
23:08:21	0	-	1	1	0
23:08:23	0	-	1	1	0
23:08:25	0	-	1	1	0
23:08:28	0	-	1	1	0
23:08:30	0	-	1	1	0
23:08:33	0	-	1	1	0
23:08:35	0	-	1	1	0
23:08:37	0	-	1	1	0
23:08:40	0	-	1	1	0
23:08:43	0	-	1	1	0
23:08:45	0	-	1	1	0
23:08:47	0	-	1	1	0
23:08:50	0	-	1	1	0
23:08:52	0	-	1	1	0
23:08:54	0	-	1	1	0
23:08:57	0	-	1	1	0
23:08:59	0	-	1	1	0
23:09:01	0	-	1	1	0
23:09:04	0	-	1	1	0
23:09:06	0	-	1	1	0
23:09:09	0	-	1	1	0
23:09:11	0	-	1	1	0
23:09:13	0	-	1	1	0
23:09:16	0	-	1	1	0
23:09:18	0	-	1	1	0
23:09:20	0	-	1	1	0
23:09:23	0	-	1	1	0
23:09:25	0	-	1	1	0
23:09:27	0	-	1	1	0
23:09:29	0	-	1	1	0
23:09:32	0	-	1	1	0
23:09:34	0	-	1	1	0
23:09:36	0	-	1	1	0
23:09:39	0	-	1	1	0
23:09:41	0	-	1	1	0
23:09:43	0	-	1	1	0
23:09:46	0	-	1	1	0
23:09:48	0	-	1	1	0
23:09:50	0	-	1	1	0
23:09:53	0	-	1	1	0
23:09:55	0	-	1	1	0
23:09:57	0	-	1	1	0
23:09:59	0	-	1	1	0
23:10:01	0	-	1	1	0
23:10:04	0	-	1	1	0
23:10:06	0	-	1	1	0
23:10:08	0	-	1	1	0
23:10:10	0	-	1	1	0
23:10:13	0	-	1	1	0
23:10:15	0	-	1	1	0
23:10:17	0	-	1	1	0
23:10:19	0	-	1	1	0
23:10:21	0	-	1	1	0
23:10:24	0	-	1	1	0
23:10:26	0	-	1	1	0
23:10:28	0	-	1	1	0
23:10:30	0	-	1	1	0
23:10:33	0	-	1	1	0
23:10:35	0	-	1	1	0
23:10:37	0	-	1	1	0
23:10:39	0	-	1	1	0
23:10:42	0	-	1	1	0
23:10:44	0	-	1	1	0
23:10:46	0	-	1	1	0
23:10:48	0	-	1	1	0
23:10:51	0	-	1	1	0
23:10:53	0	-	1	1	0
23:10:55	0	-	1	1	0
23:10:57	0	-	1	1	0
23:10:59	0	-	1	1	0
23:11:02	0	-	1	1	0
23:11:04	0	-	1	1	0
23:11:06	0	-	1	1	0
23:11:08	0	-	1	1	0
23:11:11	0	-	1	1	0
23:11:13	0	-	1	1	0
23:11:16	0	-	1	1	0
23:11:18	0	-	1	1	0
23:11:20	0	-	1	1	0
23:11:22	0	-	1	1	0
23:11:25	0	-	1	1	0
23:11:27	0	-	1	1	0
23:11:29	0	-	1	1	0
23:11:32	0	-	1	1	0
23:11:34	0	-	1	1	0
23:11:37	0	-	1	1	0
23:11:39	0	-	1	1	0
23:11:41	0	-	1	1	0
23:11:44	0	-	1	1	0
23:11:46	0	-	1	1	0
23:11:49	0	-	1	1	0
23:11:51	0	-	1	1	0
23:11:53	0	-	1	1	0
23:11:56	0	-	1	1	0
23:11:58	0	-	1	1	0
23:12:00	0	-	1	1	0
23:12:03	0	-	1	1	0
23:12:05	0	-	1	1	0
23:12:07	0	-	1	1	0
23:12:10	0	-	1	1	0
23:12:12	0	-	1	1	0
23:12:15	0	-	1	1	0
23:12:17	0	-	1	1	0
23:12:19	0	-	1	1	0
23:12:21	0	-	1	1	0
23:12:24	0	-	1	1	0
23:12:26	0	-	1	1	0
23:12:29	0	-	1	1	0
23:12:31	0	-	1	1	0
23:12:34	0	-	1	1	0
23:12:36	0	-	1	1	0
23:12:38	0	-	1	1	0
23:12:41	0	-	1	1	0
23:12:43	0	-	1	1	0
23:12:46	0	-	1	1	0
23:12:48	0	-	1	1	0
23:12:50	0	-	1	1	0
23:12:52	0	-	1	1	0
23:12:55	0	-	1	1	0
23:12:57	0	-	1	1	0
23:12:59	0	-	1	1	0
23:13:01	0	-	1	1	0
23:13:04	0	-	1	1	0
23:13:06	0	-	1	1	0
23:13:08	0	-	1	1	0
23:13:10	0	-	1	1	0
23:13:12	0	-	1	1	0
23:13:15	0	-	1	1	0
23:13:17	0	-	1	1	0
23:13:19	0	-	1	1	0
23:13:21	0	-	1	1	0
23:13:23	0	-	1	1	0
23:13:26	0	-	1	1	0
23:13:28	0	-	1	1	0
23:13:30	0	-	1	1	0
23:13:32	0	-	1	1	0
23:13:35	0	-	1	1	0
23:13:37	0	-	1	1	0
23:13:39	0	-	1	1	0
23:13:41	0	-	1	1	0
23:13:43	0	-	1	1	0
23:13:46	0	-	1	1	0
23:13:48	0	-	1	1	0
23:13:50	0	-	1	1	0
23:13:52	0	-	1	1	0
23:13:55	0	-	1	1	0
23:13:57	0	-	1	1	0
23:13:59	0	-	1	1	0
23:14:01	0	-	1	1	0
23:14:04	0	-	1	1	0
23:14:06	0	-	1	1	0
23:14:08	0	-	1	1	0
23:14:11	0	-	1	1	0
23:14:13	0	-	1	1	0
23:14:15	0	-	1	1	0
23:14:17	0	-	1	1	0
23:14:19	0	-	1	1	0
23:14:22	0	-	1	1	0
23:14:24	0	-	1	1	0
23:14:26	0	-	1	1	0
23:14:28	0	-	1	1	0
23:14:31	0	-	1	1	0
23:14:33	0	-	1	1	0
23:14:35	0	-	1	1	0
23:14:37	0	-	1	1	0
23:14:40	0	-	1	1	0
23:14:42	0	-	1	1	0
23:14:44	0	-	1	1	0
23:14:46	0	-	1	1	0
23:14:49	0	-	1	1	0
23:14:51	0	-	1	1	0
23:14:53	0	-	1	1	0
23:14:55	0	-	1	1	0
23:14:58	0	-	1	1	0
23:15:00	0	-	1	1	0
23:15:02	0	-	1	1	0
23:15:05	0	-	1	1	0
23:15:07	0	-	1	1	0
23:15:09	0	-	1	1	0
23:15:12	0	-	1	1	0
23:15:14	0	-	1	1	0
23:15:16	0	-	1	1	0
23:15:19	0	-	1	1	0
23:15:21	0	-	1	1	0
23:15:23	0	-	1	1	0
23:15:26	0	-	1	1	0
23:15:28	0	-	1	1	0
23:15:30	0	-	1	1	0
23:15:33	0	-	1	1	0
23:15:35	0	-	1	1	0
23:15:38	0	-	1	1	0
23:15:40	0	-	1	1	0
23:15:42	0	-	1	1	0
23:15:45	0	-	1	1	0
23:15:47	0	-	1	1	0
23:15:49	0	-	1	1	0
23:15:52	0	-	1	1	0
23:15:54	0	-	1	1	0
23:15:56	0	-	1	1	0
23:15:59	0	-	1	1	0
23:16:01	0	-	1	1	0
23:16:03	0	-	1	1	0
23:16:06	0	-	1	1	0
23:16:08	0	-	1	1	0
23:16:10	0	-	1	1	0
23:16:13	0	-	1	1	0
23:16:15	0	-	1	1	0
23:16:17	0	-	1	1	0
23:16:20	0	-	1	1	0
23:16:22	0	-	1	1	0
23:16:24	0	-	1	1	0
23:16:27	0	-	1	1	0
23:16:29	0	-	1	1	0
23:16:31	0	-	1	1	0
23:16:34	0	-	1	1	0
23:16:36	0	-	1	1	0
23:16:39	0	-	1	1	0
23:16:41	0	-	1	1	0
23:16:44	0	-	1	1	0
23:16:46	0	-	1	1	0
23:16:48	0	-	1	1	0
23:16:51	0	-	1	1	0
23:16:53	0	-	1	1	0
23:16:55	0	-	1	1	0
23:16:58	0	-	1	1	0
23:17:00	0	-	1	1	0
23:17:02	0	-	1	1	0
23:17:04	0	-	1	1	0
23:17:07	0	-	1	1	0
23:17:09	0	-	1	1	0
23:17:12	0	-	1	1	0
23:17:14	0	-	1	1	0
23:17:16	0	-	1	1	0
23:17:18	0	-	1	1	0
23:17:21	0	-	1	1	0
23:17:23	0	-	1	1	0
23:17:25	0	-	1	1	0
23:17:28	0	-	1	1	0
23:17:30	0	-	1	1	0
23:17:32	0	-	1	1	0
23:17:34	0	-	1	1	0
23:17:37	0	-	1	1	0
23:17:39	0	-	1	1	0
23:17:41	0	-	1	1	0
23:17:44	0	-	1	1	0
23:17:46	0	-	1	1	0
23:17:49	0	-	1	1	0
23:17:51	0	-	1	1	0
23:17:53	0	-	1	1	0
23:17:56	0	-	1	1	0
23:17:58	0	-	1	1	0
23:18:00	0	-	1	1	0
23:18:03	0	-	1	1	0
23:18:05	0	-	1	1	0
23:18:07	0	-	1	1	0
23:18:10	0	-	1	1	0
23:18:12	0	-	1	1	0
23:18:14	0	-	1	1	0
23:18:17	0	-	1	1	0
23:18:19	0	-	1	1	0
23:18:21	0	-	1	1	0
23:18:24	0	-	1	1	0
23:18:26	0	-	1	1	0
23:18:29	0	-	1	1	0
23:18:31	0	-	1	1	0
23:18:33	0	-	1	1	0
23:18:35	0	-	1	1	0
23:18:38	0	-	1	1	0
23:18:40	0	-	1	1	0
23:18:43	0	-	1	1	0
23:18:45	0	-	1	1	0
23:18:48	0	-	1	1	0
23:18:50	0	-	1	1	0
23:18:52	0	-	1	1	0
23:18:55	0	-	1	1	0
23:18:57	0	-	1	1	0
23:18:59	0	-	1	1	0
23:19:02	0	-	1	1	0
23:19:04	0	-	1	1	0
23:19:06	0	-	1	1	0
23:19:09	0	-	1	1	0
23:19:11	0	-	1	1	0
23:19:13	0	-	1	1	0
23:19:16	0	-	1	1	0
23:19:18	0	-	1	1	0
23:19:20	0	-	1	1	0
23:19:23	0	-	1	1	0
23:19:25	0	-	1	1	0
23:19:28	0	-	1	1	0
23:19:30	0	-	1	1	0
23:19:32	0	-	1	1	0
23:19:35	0	-	1	1	0
23:19:37	0	-	1	1	0
23:19:39	0	-	1	1	0
23:19:42	0	-	1	1	0
23:19:44	0	-	1	1	0
23:19:47	0	-	1	1	0
23:19:49	0	-	1	1	0
23:19:51	0	-	1	1	0
23:19:53	0	-	1	1	0
23:19:56	0	-	1	1	0
23:19:58	0	-	1	1	0
23:20:01	0	-	1	1	0
23:20:03	0	-	1	1	0
23:20:06	0	-	1	1	0
23:20:08	0	-	1	1	0
23:20:10	0	-	1	1	0
23:20:12	0	-	1	1	0
23:20:15	0	-	1	1	0
23:20:17	0	-	1	1	0
23:20:20	0	-	1	1	0
23:20:22	0	-	1	1	0
23:20:24	0	-	1	1	0
23:20:27	0	-	1	1	0
23:20:29	0	-	1	1	0
23:20:31	0	-	1	1	0
23:20:34	0	-	1	1	0
23:20:36	0	-	1	1	0
23:20:38	0	-	1	1	0
23:20:41	0	-	1	1	0
23:20:43	0	-	1	1	0
23:20:45	0	-	1	1	0
23:20:48	0	-	1	1	0
23:20:50	0	-	1	1	0
23:20:52	0	-	1	1	0
23:20:54	0	-	1	1	0
23:20:57	0	-	1	1	0
23:20:59	0	-	1	1	0
23:21:01	0	-	1	1	0
23:21:04	0	-	1	1	0
23:21:06	0	-	1	1	0
23:21:08	0	-	1	1	0
23:21:11	0	-	1	1	0
23:21:13	0	-	1	1	0
23:21:15	0	-	1	1	0
23:21:18	0	-	1	1	0
23:21:20	0	-	1	1	0
23:21:22	0	-	1	1	0
23:21:25	0	-	1	1	0
23:21:27	0	-	1	1	0
23:21:29	0	-	1	1	0
23:21:32	0	-	1	1	0
23:21:34	0	-	1	1	0
23:21:36	0	-	1	1	0
23:21:38	0	-	1	1	0
23:21:41	0	-	1	1	0
23:21:43	0	-	1	1	0
23:21:45	0	-	1	1	0
23:21:47	0	-	1	1	0
23:21:50	0	-	1	1	0
23:21:52	0	-	1	1	0
23:21:55	0	-	1	1	0
23:21:57	0	-	1	1	0
23:21:59	0	-	1	1	0
23:22:01	0	-	1	1	0
23:22:04	0	-	1	1	0
23:22:06	0	-	1	1	0
23:22:09	0	-	1	1	0
23:22:11	0	-	1	1	0
23:22:13	0	-	1	1	0
23:22:16	0	-	1	1	0
23:22:18	0	-	1	1	0
23:22:21	0	-	1	1	0
23:22:23	0	-	1	1	0
23:22:25	0	-	1	1	0
23:22:28	0	-	1	1	0
23:22:30	0	-	1	1	0
23:22:32	0	-	1	1	0
23:22:35	0	-	1	1	0
23:22:37	0	-	1	1	0
23:22:40	0	-	1	1	0
23:22:42	0	-	1	1	0
23:22:44	0	-	1	1	0
23:22:47	0	-	1	1	0
23:22:49	0	-	1	1	0
23:22:51	0	-	1	1	0
23:22:54	0	-	1	1	0
23:22:56	0	-	1	1	0
23:22:58	0	-	1	1	0
23:23:01	0	-	1	1	0
23:23:03	0	-	1	1	0
23:23:05	0	-	1	1	0
23:23:08	0	-	1	1	0
23:23:10	0	-	1	1	0
23:23:12	0	-	1	1	0
23:23:15	0	-	1	1	0
23:23:17	0	-	1	1	0
23:23:20	0	-	1	1	0
23:23:22	0	-	1	1	0
23:23:24	0	-	1	1	0
23:23:27	0	-	1	1	0
23:23:29	0	-	1	1	0
23:23:31	0	-	1	1	0
23:23:34	0	-	1	1	0
23:23:36	0	-	1	1	0
23:23:39	0	-	1	1	0
23:23:41	0	-	1	1	0
23:23:43	0	-	1	1	0
23:23:46	0	-	1	1	0
23:23:48	0	-	1	1	0
23:23:50	0	-	1	1	0
23:23:53	0	-	1	1	0
23:23:55	0	-	1	1	0
23:23:57	0	-	1	1	0
23:24:00	0	-	1	1	0
23:24:02	0	-	1	1	0
23:24:04	0	-	1	1	0
23:24:07	0	-	1	1	0
23:24:09	0	-	1	1	0
23:24:11	0	-	1	1	0
23:24:14	0	-	1	1	0
23:24:16	0	-	1	1	0
23:24:18	0	-	1	1	0
23:24:21	0	-	1	1	0
23:24:23	0	-	1	1	0
23:24:25	0	-	1	1	0
23:24:28	0	-	1	1	0
23:24:30	0	-	1	1	0
23:24:32	0	-	1	1	0
23:24:35	0	-	1	1	0
23:24:37	0	-	1	1	0
23:24:39	0	-	1	1	0
23:24:42	0	-	1	1	0
23:24:44	0	-	1	1	0
23:24:47	0	-	1	1	0
23:24:49	0	-	1	1	0
23:24:51	0	-	1	1	0
23:24:54	0	-	1	1	0
23:24:56	0	-	1	1	0
23:24:58	0	-	1	1	0
23:25:01	0	-	1	1	0
23:25:03	0	-	1	1	0
23:25:05	0	-	1	1	0
23:25:08	0	-	1	1	0
23:25:10	0	-	1	1	0
23:25:12	0	-	1	1	0
23:25:15	0	-	1	1	0
23:25:17	0	-	1	1	0
23:25:19	0	-	1	1	0
23:25:21	0	-	1	1	0
23:25:24	0	-	1	1	0
23:25:26	0	-	1	1	0
23:25:28	0	-	1	1	0
23:25:30	0	-	1	1	0
23:25:33	0	-	1	1	0
23:25:35	0	-	1	1	0
23:25:37	0	-	1	1	0
23:25:39	0	-	1	1	0
23:25:42	0	-	1	1	0
23:25:44	0	-	1	1	0
23:25:46	0	-	1	1	0
23:25:49	0	-	1	1	0
23:25:51	0	-	1	1	0
23:25:53	0	-	1	1	0
23:25:55	0	-	1	1	0
23:25:58	0	-	1	1	0
23:26:00	0	-	1	1	0
23:26:02	0	-	1	1	0
23:26:04	0	-	1	1	0
23:26:07	0	-	1	1	0
23:26:09	0	-	1	1	0
23:26:11	0	-	1	1	0
23:26:13	0	-	1	1	0
23:26:16	0	-	1	1	0
23:26:18	0	-	1	1	0
23:26:20	0	-	1	1	0
23:26:22	0	-	1	1	0
23:26:25	0	-	1	1	0
23:26:27	0	-	1	1	0
23:26:29	0	-	1	1	0
23:26:32	0	-	1	1	0
23:26:34	0	-	1	1	0
23:26:36	0	-	1	1	0
23:26:39	0	-	1	1	0
23:26:41	0	-	1	1	0
23:26:43	0	-	1	1	0
23:26:46	0	-	1	1	0
23:26:48	0	-	1	1	0
23:26:50	0	-	1	1	0
23:26:52	0	-	1	1	0
23:26:55	0	-	1	1	0
23:26:57	0	-	1	1	0
23:26:59	0	-	1	1	0
23:27:02	0	-	1	1	0
23:27:04	0	-	1	1	0
23:27:06	0	-	1	1	0
23:27:08	0	-	1	1	0
23:27:11	0	-	1	1	0
23:27:13	0	-	1	1	0
23:27:15	0	-	1	1	0
23:27:18	0	-	1	1	0
23:27:20	0	-	1	1	0
23:27:22	0	-	1	1	0
23:27:24	0	-	1	1	0
23:27:27	0	-	1	1	0
23:27:29	0	-	1	1	0
23:27:31	0	-	1	1	0
23:27:34	0	-	1	1	0
23:27:36	0	-	1	1	0
23:27:38	0	-	1	1	0
23:27:40	0	-	1	1	0
23:27:43	0	-	1	1	0
23:27:45	0	-	1	1	0
23:27:47	0	-	1	1	0
23:27:50	0	-	1	1	0
23:27:52	0	-	1	1	0
23:27:54	0	-	1	1	0
23:27:56	0	-	1	1	0
23:27:59	0	-	1	1	0
23:28:01	0	-	1	1	0
23:28:03	0	-	1	1	0
23:28:06	0	-	1	1	0
23:28:08	0	-	1	1	0
23:28:10	0	-	1	1	0
23:28:13	0	-	1	1	0
23:28:15	0	-	1	1	0
23:28:17	0	-	1	1	0
23:28:20	0	-	1	1	0
23:28:22	0	-	1	1	0
23:28:24	0	-	1	1	0
23:28:27	0	-	1	1	0
23:28:29	0	-	1	1	0
23:28:31	0	-	1	1	0
23:28:33	0	-	1	1	0
23:28:35	0	-	1	1	0
23:28:38	0	-	1	1	0
23:28:40	0	-	1	1	0
23:28:42	0	-	1	1	0
23:28:45	0	-	1	1	0
23:28:47	0	-	1	1	0
23:28:50	0	-	1	1	0
23:28:52	0	-	1	1	0
23:28:54	0	-	1	1	0
23:28:56	0	-	1	1	0
23:28:59	0	-	1	1	0
23:29:01	0	-	1	1	0
23:29:03	0	-	1	1	0
23:29:06	0	-	1	1	0
23:29:08	0	-	1	1	0
23:29:10	0	-	1	1	0
23:29:13	0	-	1	1	0
23:29:15	0	-	1	1	0
23:29:17	0	-	1	1	0
23:29:20	0	-	1	1	0
23:29:22	0	-	1	1	0
23:29:24	0	-	1	1	0
23:29:27	0	-	1	1	0
23:29:29	0	-	1	1	0
23:29:32	0	-	1	1	0
23:29:34	0	-	1	1	0
23:29:36	0	-	1	1	0
23:29:38	0	-	1	1	0
23:29:41	0	-	1	1	0
23:29:43	0	-	1	1	0
23:29:45	0	-	1	1	0
23:29:48	0	-	1	1	0
23:29:50	0	-	1	1	0
23:29:52	0	-	1	1	0
23:29:54	0	-	1	1	0
23:29:57	0	-	1	1	0
23:29:59	0	-	1	1	0
23:30:02	0	-	1	1	0
23:30:04	0	-	1	1	0
23:30:06	0	-	1	1	0
23:30:08	0	-	1	1	0
23:30:11	0	-	1	1	0
23:30:13	0	-	1	1	0
23:30:15	0	-	1	1	0
23:30:18	0	-	1	1	0
23:30:20	0	-	1	1	0
23:30:22	0	-	1	1	0
23:30:25	0	-	1	1	0
23:30:27	0	-	1	1	0
23:30:29	0	-	1	1	0
23:30:31	0	-	1	1	0
23:30:34	0	-	1	1	0
23:30:36	0	-	1	1	0
23:30:38	0	-	1	1	0
23:30:40	0	-	1	1	0
23:30:42	0	-	1	1	0
23:30:45	0	-	1	1	0
23:30:47	0	-	1	1	0
23:30:49	0	-	1	1	0
23:30:51	0	-	1	1	0
23:30:54	0	-	1	1	0
23:30:56	0	-	1	1	0
23:30:58	0	-	1	1	0
23:31:00	0	-	1	1	0
23:31:03	0	-	1	1	0
23:31:05	0	-	1	1	0
23:31:07	0	-	1	1	0
23:31:10	0	-	1	1	0
23:31:12	0	-	1	1	0
23:31:14	0	-	1	1	0
23:31:16	0	-	1	1	0
23:31:19	0	-	1	1	0
23:31:21	0	-	1	1	0
23:31:23	0	-	1	1	0
23:31:26	0	-	1	1	0
23:31:28	0	-	1	1	0
23:31:30	0	-	1	1	0
23:31:32	0	-	1	1	0
23:31:35	0	-	1	1	0
23:31:37	0	-	1	1	0
23:31:40	0	-	1	1	0
23:31:42	0	-	1	1	0
23:31:44	0	-	1	1	0
23:31:46	0	-	1	1	0
23:31:49	0	-	1	1	0
23:31:51	0	-	1	1	0
23:31:53	0	-	1	1	0
23:31:56	0	-	1	1	0
23:31:58	0	-	1	1	0
23:32:01	0	-	1	1	0
23:32:03	0	-	1	1	0
23:32:05	0	-	1	1	0
23:32:08	0	-	1	1	0
23:32:10	0	-	1	1	0
23:32:12	0	-	1	1	0
23:32:15	0	-	1	1	0
23:32:17	0	-	1	1	0
23:32:19	0	-	1	1	0
23:32:22	0	-	1	1	0
23:32:24	0	-	1	1	0
23:32:26	0	-	1	1	0
23:32:28	0	-	1	1	0
23:32:31	0	-	1	1	0
23:32:33	0	-	1	1	0
23:32:35	0	-	1	1	0
23:32:38	0	-	1	1	0
23:32:40	0	-	1	1	0
23:32:42	0	-	1	1	0
23:32:45	0	-	1	1	0
23:32:47	0	-	1	1	0
23:32:50	0	-	1	1	0
23:32:52	0	-	1	1	0
23:32:54	0	-	1	1	0
23:32:57	0	-	1	1	0
23:32:59	0	-	1	1	0
23:33:01	0	-	1	1	0
23:33:04	0	-	1	1	0
23:33:06	0	-	1	1	0
23:33:08	0	-	1	1	0
23:33:10	0	-	1	1	0
23:33:13	0	-	1	1	0
23:33:15	0	-	1	1	0
23:33:17	0	-	1	1	0
23:33:20	0	-	1	1	0
23:33:22	0	-	1	1	0
23:33:24	0	-	1	1	0
23:33:26	0	-	1	1	0
23:33:29	0	-	1	1	0
23:33:31	0	-	1	1	0
23:33:33	0	-	1	1	0
23:33:35	0	-	1	1	0
23:33:38	0	-	1	1	0
23:33:40	0	-	1	1	0
23:33:43	0	-	1	1	0
23:33:45	0	-	1	1	0
23:33:47	0	-	1	1	0
23:33:50	0	-	1	1	0
23:33:52	0	-	1	1	0
23:33:54	0	-	1	1	0
23:33:56	0	-	1	1	0
23:33:59	0	-	1	1	0
23:34:01	0	-	1	1	0
23:34:03	0	-	1	1	0
23:34:06	0	-	1	1	0
23:34:08	0	-	1	1	0
23:34:10	0	-	1	1	0
23:34:13	0	-	1	1	0
23:34:15	0	-	1	1	0
23:34:17	0	-	1	1	0
23:34:20	0	-	1	1	0
23:34:22	0	-	1	1	0
23:34:24	0	-	1	1	0
23:34:27	0	-	1	1	0
23:34:29	0	-	1	1	0
23:34:31	0	-	1	1	0
23:34:34	0	-	1	1	0
23:34:36	0	-	1	1	0
23:34:38	0	-	1	1	0
23:34:41	0	-	1	1	0
23:34:43	0	-	1	1	0
23:34:46	0	-	1	1	0
23:34:48	0	-	1	1	0
23:34:50	0	-	1	1	0
23:34:52	0	-	1	1	0
23:34:55	0	-	1	1	0
23:34:57	0	-	1	1	0
23:34:59	0	-	1	1	0
23:35:02	0	-	1	1	0
23:35:04	0	-	1	1	0
23:35:06	0	-	1	1	0
23:35:09	0	-	1	1	0
23:35:11	0	-	1	1	0
23:35:13	0	-	1	1	0
23:35:16	0	-	1	1	0
23:35:18	0	-	1	1	0
23:35:20	0	-	1	1	0
23:35:22	0	-	1	1	0
23:35:25	0	-	1	1	0
23:35:28	0	-	1	1	0
23:35:31	0	-	1	1	0
23:35:34	0	-	1	1	0
23:35:37	0	-	1	1	0
23:35:40	0	-	1	1	0
23:35:42	0	-	1	1	0
23:35:45	0	-	1	1	0
23:35:48	0	-	1	1	0
23:35:51	0	-	1	1	0
23:35:53	0	-	1	1	0
23:35:56	0	-	1	1	0
23:35:59	0	-	1	1	0
23:36:01	0	-	1	1	0
23:36:04	0	-	1	1	0
23:36:07	0	-	1	1	0
23:36:10	0	-	1	1	0
23:36:13	0	-	1	1	0
23:36:16	0	-	1	1	0
23:36:18	0	-	1	1	0
23:36:20	0	-	1	1	0
23:36:23	0	-	1	1	0
23:36:26	0	-	1	1	0
23:36:28	0	-	1	1	0
23:36:30	0	-	1	1	0
23:36:33	0	-	1	1	0
23:36:35	0	-	1	1	0
23:36:38	0	-	1	1	0
23:36:40	0	-	1	1	0
23:36:43	0	-	1	1	0
23:36:45	0	-	1	1	0
23:36:47	0	-	1	1	0
23:36:50	0	-	1	1	0
23:36:52	0	-	1	1	0
23:36:55	0	-	1	1	0
23:36:57	0	-	1	1	0
23:37:00	0	-	1	1	0
23:37:02	0	-	1	1	0
23:37:05	0	-	1	1	0
23:37:07	0	-	1	1	0
23:37:09	0	-	1	1	0
23:37:12	0	-	1	1	0
23:37:15	0	-	1	1	0
23:37:17	0	-	1	1	0
23:37:19	0	-	1	1	0
23:37:22	0	-	1	1	0
23:37:24	0	-	1	1	0
23:37:26	0	-	1	1	0
23:37:29	0	-	1	1	0
23:37:31	0	-	1	1	0
23:37:33	0	-	1	1	0
23:37:36	0	-	1	1	0
23:37:38	0	-	1	1	0
23:37:40	0	-	1	1	0
23:37:43	0	-	1	1	0
23:37:45	0	-	1	1	0
23:37:47	0	-	1	1	0
23:37:50	0	-	1	1	0
23:37:52	0	-	1	1	0
23:37:54	0	-	1	1	0
23:37:57	0	-	1	1	0
23:37:59	0	-	1	1	0
23:38:02	0	-	1	1	0
23:38:04	0	-	1	1	0
23:38:07	0	-	1	1	0
23:38:09	0	-	1	1	0
23:38:12	0	-	1	1	0
23:38:14	0	-	1	1	0
23:38:16	0	-	1	1	0
23:38:19	0	-	1	1	0
23:38:21	0	-	1	1	0
23:38:24	0	-	1	1	0
23:38:26	0	-	1	1	0
23:38:29	0	-	1	1	0
23:38:31	0	-	1	1	0
23:38:33	0	-	1	1	0
23:38:36	0	-	1	1	0
23:38:38	0	-	1	1	0
23:38:40	0	-	1	1	0
23:38:42	0	-	1	1	0
23:38:45	0	-	1	1	0
23:38:48	0	-	1	1	0
23:38:50	0	-	1	1	0
23:38:52	0	-	1	1	0
23:38:55	0	-	1	1	0
23:38:57	0	-	1	1	0
23:39:00	0	-	1	1	0
23:39:02	0	-	1	1	0
23:39:04	0	-	1	1	0
23:39:06	0	-	1	1	0
23:39:09	0	-	1	1	0
23:39:11	0	-	1	1	0
23:39:14	0	-	1	1	0
23:39:16	0	-	1	1	0
23:39:18	0	-	1	1	0
23:39:21	0	-	1	1	0
23:39:23	0	-	1	1	0
23:39:25	0	-	1	1	0
23:39:28	0	-	1	1	0
23:39:30	0	-	1	1	0
23:39:32	0	-	1	1	0
23:39:35	0	-	1	1	0
23:39:37	0	-	1	1	0
23:39:39	0	-	1	1	0
23:39:41	0	-	1	1	0
23:39:44	0	-	1	1	0
23:39:46	0	-	1	1	0
23:39:49	0	-	1	1	0
23:39:51	0	-	1	1	0
23:39:53	0	-	1	1	0
23:39:55	0	-	1	1	0
23:39:58	0	-	1	1	0
23:40:00	0	-	1	1	0
23:40:02	0	-	1	1	0
23:40:05	0	-	1	1	0
23:40:07	0	-	1	1	0
23:40:09	0	-	1	1	0
23:40:12	0	-	1	1	0
23:40:14	0	-	1	1	0
23:40:16	0	-	1	1	0
23:40:19	0	-	1	1	0
23:40:22	0	-	1	1	0
23:40:24	0	-	1	1	0
23:40:26	0	-	1	1	0
23:40:29	0	-	1	1	0
23:40:31	0	-	1	1	0
23:40:34	0	-	1	1	0
23:40:36	0	-	1	1	0
23:40:39	0	-	1	1	0
23:40:41	0	-	1	1	0
23:40:43	0	-	1	1	0
23:40:46	0	-	1	1	0
23:40:48	0	-	1	1	0
23:40:51	0	-	1	1	0
23:40:53	0	-	1	1	0
23:40:55	0	-	1	1	0
23:40:58	0	-	1	1	0
23:41:00	0	-	1	1	0
23:41:03	0	-	1	1	0
23:41:05	0	-	1	1	0
23:41:07	0	-	1	1	0
23:41:10	0	-	1	1	0
23:41:12	0	-	1	1	0
23:41:14	0	-	1	1	0
23:41:17	0	-	1	1	0
23:41:19	0	-	1	1	0
23:41:22	0	-	1	1	0
23:41:24	0	-	1	1	0
23:41:26	0	-	1	1	0
23:41:28	0	-	1	1	0
23:41:31	0	-	1	1	0
23:41:33	0	-	1	1	0
23:41:35	0	-	1	1	0
23:41:38	0	-	1	1	0
23:41:40	0	-	1	1	0
23:41:42	0	-	1	1	0
23:41:45	0	-	1	1	0
23:41:47	0	-	1	1	0
23:41:49	0	-	1	1	0
23:41:52	0	-	1	1	0
23:41:54	0	-	1	1	0
23:41:56	0	-	1	1	0
23:41:59	0	-	1	1	0
23:42:01	0	-	1	1	0
23:42:04	0	-	1	1	0
23:42:06	0	-	1	1	0
23:42:08	0	-	1	1	0
23:42:11	0	-	1	1	0
23:42:13	0	-	1	1	0
23:42:15	0	-	1	1	0
23:42:17	0	-	1	1	0
23:42:20	0	-	1	1	0
23:42:22	0	-	1	1	0
23:42:24	0	-	1	1	0
23:42:26	0	-	1	1	0
23:42:29	0	-	1	1	0
23:42:31	0	-	1	1	0
23:42:34	0	-	1	1	0
23:42:36	0	-	1	1	0
23:42:39	0	-	1	1	0
23:42:41	0	-	1	1	0
23:42:43	0	-	1	1	0
23:42:46	0	-	1	1	0
23:42:48	0	-	1	1	0
23:42:50	0	-	1	1	0
23:42:52	0	-	1	1	0
23:42:54	0	-	1	1	0
23:42:57	0	-	1	1	0
23:42:59	0	-	1	1	0
23:43:01	0	-	1	1	0
23:43:03	0	-	1	1	0
23:43:06	0	-	1	1	0
23:43:08	0	-	1	1	0
23:43:10	0	-	1	1	0
23:43:13	0	-	1	1	0
23:43:15	0	-	1	1	0
23:43:17	0	-	1	1	0
23:43:19	0	-	1	1	0
23:43:22	0	-	1	1	0
23:43:24	0	-	1	1	0
23:43:26	0	-	1	1	0
23:43:28	0	-	1	1	0
23:43:30	0	-	1	1	0
23:43:33	0	-	1	1	0
23:43:35	0	-	1	1	0
23:43:37	0	-	1	1	0
23:43:39	0	-	1	1	0
23:43:42	0	-	1	1	0
23:43:44	0	-	1	1	0
23:43:46	0	-	1	1	0
23:43:48	0	-	1	1	0
23:43:51	0	-	1	1	0
23:43:53	0	-	1	1	0
23:43:55	0	-	1	1	0
23:43:57	0	-	1	1	0
23:44:00	0	-	1	1	0
23:44:02	0	-	1	1	0
23:44:04	0	-	1	1	0
23:44:07	0	-	1	1	0
23:44:09	0	-	1	1	0
23:44:11	0	-	1	1	0
23:44:13	0	-	1	1	0
23:44:16	0	-	1	1	0
23:44:18	0	-	1	1	0
23:44:21	0	-	1	1	0
23:44:23	0	-	1	1	0
23:44:25	0	-	1	1	0
23:44:28	0	-	1	1	0
23:44:30	0	-	1	1	0
23:44:32	0	-	1	1	0
23:44:35	0	-	1	1	0
23:44:37	0	-	1	1	0
23:44:39	0	-	1	1	0
23:44:42	0	-	1	1	0
23:44:44	0	-	1	1	0
23:44:46	0	-	1	1	0
23:44:49	0	-	1	1	0
23:44:51	0	-	1	1	0
23:44:54	0	-	1	1	0
23:44:56	0	-	1	1	0
23:44:58	0	-	1	1	0
23:45:01	0	-	1	1	0
23:45:04	0	-	1	1	0
23:45:06	0	-	1	1	0
23:45:08	0	-	1	1	0
23:45:10	0	-	1	1	0
23:45:13	0	-	1	1	0
23:45:15	0	-	1	1	0
23:45:17	0	-	1	1	0
23:45:19	0	-	1	1	0
23:45:21	0	-	1	1	0
23:45:24	0	-	1	1	0
23:45:26	0	-	1	1	0
23:45:28	0	-	1	1	0
23:45:30	0	-	1	1	0
23:45:33	0	-	1	1	0
23:45:35	0	-	1	1	0
23:45:37	0	-	1	1	0
23:45:40	0	-	1	1	0
23:45:42	0	-	1	1	0
23:45:44	0	-	1	1	0
23:45:47	0	-	1	1	0
23:45:49	0	-	1	1	0
23:45:51	0	-	1	1	0
23:45:54	0	-	1	1	0
23:45:56	0	-	1	1	0
23:45:58	0	-	1	1	0
23:46:01	0	-	1	1	0
23:46:03	0	-	1	1	0
23:46:05	0	-	1	1	0
23:46:07	0	-	1	1	0
23:46:10	0	-	1	1	0
23:46:12	0	-	1	1	0
23:46:15	0	-	1	1	0
23:46:17	0	-	1	1	0
23:46:19	0	-	1	1	0
23:46:21	0	-	1	1	0
23:46:24	0	-	1	1	0
23:46:26	0	-	1	1	0
23:46:29	0	-	1	1	0
23:46:31	0	-	1	1	0
23:46:33	0	-	1	1	0
23:46:35	0	-	1	1	0
23:46:38	0	-	1	1	0
23:46:41	0	-	1	1	0
23:46:43	0	-	1	1	0
23:46:45	0	-	1	1	0
23:46:47	0	-	1	1	0
23:46:50	0	-	1	1	0
23:46:52	0	-	1	1	0
23:46:55	0	-	1	1	0
23:46:57	0	-	1	1	0
23:46:59	0	-	1	1	0
23:47:02	0	-	1	1	0
23:47:04	0	-	1	1	0
23:47:06	0	-	1	1	0
23:47:09	0	-	1	1	0
23:47:11	0	-	1	1	0
23:47:13	0	-	1	1	0
23:47:16	0	-	1	1	0
23:47:18	0	-	1	1	0
23:47:20	0	-	1	1	0
23:47:22	0	-	1	1	0
23:47:25	0	-	1	1	0
23:47:27	0	-	1	1	0
23:47:30	0	-	1	1	0
23:47:32	0	-	1	1	0
23:47:34	0	-	1	1	0
23:47:37	0	-	1	1	0
23:47:39	0	-	1	1	0
23:47:42	0	-	1	1	0
23:47:44	0	-	1	1	0
23:47:46	0	-	1	1	0
23:47:48	0	-	1	1	0
23:47:51	0	-	1	1	0
23:47:53	0	-	1	1	0
23:47:56	0	-	1	1	0
23:47:58	0	-	1	1	0
23:48:01	0	-	1	1	0
23:48:03	0	-	1	1	0
23:48:06	0	-	1	1	0
23:48:08	0	-	1	1	0
23:48:10	0	-	1	1	0
23:48:13	0	-	1	1	0
23:48:15	0	-	1	1	0
23:48:18	0	-	1	1	0
23:48:20	0	-	1	1	0
23:48:23	0	-	1	1	0
23:48:25	0	-	1	1	0
23:48:27	0	-	1	1	0
23:48:29	0	-	1	1	0
23:48:32	0	-	1	1	0
23:48:34	0	-	1	1	0
23:48:37	0	-	1	1	0
23:48:39	0	-	1	1	0
23:48:41	0	-	1	1	0
23:48:44	0	-	1	1	0
23:48:46	0	-	1	1	0
23:48:48	0	-	1	1	0
23:48:51	0	-	1	1	0
23:48:53	0	-	1	1	0
23:48:55	0	-	1	1	0
23:48:57	0	-	1	1	0
23:49:00	0	-	1	1	0
23:49:02	0	-	1	1	0
23:49:05	0	-	1	1	0
23:49:07	0	-	1	1	0
23:49:09	0	-	1	1	0
23:49:11	0	-	1	1	0
23:49:13	0	-	1	1	0
23:49:16	0	-	1	1	0
23:49:18	0	-	1	1	0
23:49:20	0	-	1	1	0
23:49:22	0	-	1	1	0
23:49:25	0	-	1	1	0
23:49:27	0	-	1	1	0
23:49:29	0	-	1	1	0
23:49:31	0	-	1	1	0
23:49:33	0	-	1	1	0
23:49:36	0	-	1	1	0
23:49:38	0	-	1	1	0
23:49:40	0	-	1	1	0
23:49:43	0	-	1	1	0
23:49:45	0	-	1	1	0
23:49:47	0	-	1	1	0
23:49:49	0	-	1	1	0
23:49:51	0	-	1	1	0
23:49:54	0	-	1	1	0
23:49:56	0	-	1	1	0
23:49:58	0	-	1	1	0
23:50:00	0	-	1	1	0
23:50:03	0	-	1	1	0
23:50:05	0	-	1	1	0
23:50:08	0	-	1	1	0
23:50:10	0	-	1	1	0
23:50:12	0	-	1	1	0
23:50:15	0	-	1	1	0
23:50:17	0	-	1	1	0
23:50:19	0	-	1	1	0
23:50:22	0	-	1	1	0
23:50:24	0	-	1	1	0
23:50:27	0	-	1	1	0
23:50:29	0	-	1	1	0
23:50:31	0	-	1	1	0
23:50:34	0	-	1	1	0
23:50:36	0	-	1	1	0
23:50:38	0	-	1	1	0
23:50:40	0	-	1	1	0
23:50:43	0	-	1	1	0
23:50:45	0	-	1	1	0
23:50:47	0	-	1	1	0
23:50:49	0	-	1	1	0
23:50:51	0	-	1	1	0
23:50:54	0	-	1	1	0
23:50:56	0	-	1	1	0
23:50:58	0	-	1	1	0
23:51:00	0	-	1	1	0
23:51:03	0	-	1	1	0
23:51:05	0	-	1	1	0
23:51:07	0	-	1	1	0
23:51:09	0	-	1	1	0
23:51:12	0	-	1	1	0
23:51:14	0	-	1	1	0
23:51:16	0	-	1	1	0
23:51:18	0	-	1	1	0
23:51:20	0	-	1	1	0
23:51:23	0	-	1	1	0
23:51:25	0	-	1	1	0
23:51:27	0	-	1	1	0
23:51:29	0	-	1	1	0
23:51:32	0	-	1	1	0
23:51:34	0	-	1	1	0
23:51:36	0	-	1	1	0
23:51:39	0	-	1	1	0
23:51:41	0	-	1	1	0
23:51:43	0	-	1	1	0
23:51:46	0	-	1	1	0
23:51:48	0	-	1	1	0
23:51:51	0	-	1	1	0
23:51:54	0	-	1	1	0
23:51:56	0	-	1	1	0
23:51:59	0	-	1	1	0
23:52:01	0	-	1	1	0
23:52:03	0	-	1	1	0
23:52:05	0	-	1	1	0
23:52:07	0	-	1	1	0
23:52:10	0	-	1	1	0
23:52:12	0	-	1	1	0
23:52:14	0	-	1	1	0
23:52:17	0	-	1	1	0
23:52:19	0	-	1	1	0
23:52:21	0	-	1	1	0
23:52:24	0	-	1	1	0
23:52:26	0	-	1	1	0
23:52:28	0	-	1	1	0
23:52:30	0	-	1	1	0
23:52:32	0	-	1	1	0
23:52:35	0	-	1	1	0
23:52:37	0	-	1	1	0
23:52:40	0	-	1	1	0
23:52:42	0	-	1	1	0
23:52:44	0	-	1	1	0
23:52:47	0	-	1	1	0
23:52:49	0	-	1	1	0
23:52:51	0	-	1	1	0
23:52:54	0	-	1	1	0
23:52:56	0	-	1	1	0
23:52:58	0	-	1	1	0
23:53:00	0	-	1	1	0
23:53:03	0	-	1	1	0
23:53:05	0	-	1	1	0
23:53:07	0	-	1	1	0
23:53:09	0	-	1	1	0
23:53:12	0	-	1	1	0
23:53:14	0	-	1	1	0
23:53:16	0	-	1	1	0
23:53:18	0	-	1	1	0
23:53:21	0	-	1	1	0
23:53:23	0	-	1	1	0
23:53:25	0	-	1	1	0
23:53:27	0	-	1	1	0
23:53:30	0	-	1	1	0
23:53:32	0	-	1	1	0
23:53:34	0	-	1	1	0
23:53:37	0	-	1	1	0
23:53:39	0	-	1	1	0
23:53:41	0	-	1	1	0
23:53:43	0	-	1	1	0
23:53:46	0	-	1	1	0
23:53:48	0	-	1	1	0
23:53:50	0	-	1	1	0
23:53:53	0	-	1	1	0
23:53:55	0	-	1	1	0
23:53:57	0	-	1	1	0
23:54:00	0	-	1	1	0
23:54:02	0	-	1	1	0
23:54:04	0	-	1	1	0
23:54:07	0	-	1	1	0
23:54:09	0	-	1	1	0
23:54:12	0	-	1	1	0
23:54:14	0	-	1	1	0
23:54:16	0	-	1	1	0
23:54:19	0	-	1	1	0
23:54:21	0	-	1	1	0
23:54:23	0	-	1	1	0
23:54:25	0	-	1	1	0
23:54:28	0	-	1	1	0
23:54:30	0	-	1	1	0
23:54:32	0	-	1	1	0
23:54:35	0	-	1	1	0
23:54:37	0	-	1	1	0
23:54:40	0	-	1	1	0
23:54:42	0	-	1	1	0
23:54:44	0	-	1	1	0
23:54:47	0	-	1	1	0
23:54:49	0	-	1	1	0
23:54:52	0	-	1	1	0
23:54:54	0	-	1	1	0
23:54:56	0	-	1	1	0
23:54:59	0	-	1	1	0
23:55:01	0	-	1	1	0
23:55:03	0	-	1	1	0
23:55:06	0	-	1	1	0
23:55:08	0	-	1	1	0
23:55:10	0	-	1	1	0
23:55:13	0	-	1	1	0
23:55:15	0	-	1	1	0
23:55:17	0	-	1	1	0
23:55:20	0	-	1	1	0
23:55:22	0	-	1	1	0
23:55:24	0	-	1	1	0
23:55:27	0	-	1	1	0
23:55:29	0	-	1	1	0
23:55:31	0	-	1	1	0
23:55:33	0	-	1	1	0
23:55:36	0	-	1	1	0
23:55:38	0	-	1	1	0
23:55:41	0	-	1	1	0
23:55:43	0	-	1	1	0
23:55:45	0	-	1	1	0
23:55:48	0	-	1	1	0
23:55:50	0	-	1	1	0
23:55:53	0	-	1	1	0
23:55:55	0	-	1	1	0
23:55:57	0	-	1	1	0
23:56:00	0	-	1	1	0
23:56:02	0	-	1	1	0
23:56:04	0	-	1	1	0
23:56:07	0	-	1	1	0
23:56:09	0	-	1	1	0
23:56:11	0	-	1	1	0
23:56:14	0	-	1	1	0
23:56:16	0	-	1	1	0
23:56:18	0	-	1	1	0
23:56:20	0	-	1	1	0
23:56:23	0	-	1	1	0
23:56:26	0	-	1	1	0
23:56:28	0	-	1	1	0
23:56:30	0	-	1	1	0
23:56:32	0	-	1	1	0
23:56:35	0	-	1	1	0
23:56:37	0	-	1	1	0
23:56:39	0	-	1	1	0
23:56:42	0	-	1	1	0
23:56:44	0	-	1	1	0
23:56:46	0	-	1	1	0
23:56:49	0	-	1	1	0
23:56:51	0	-	1	1	0
23:56:54	0	-	1	1	0
23:56:56	0	-	1	1	0
23:56:58	0	-	1	1	0
23:57:00	0	-	1	1	0
23:57:03	0	-	1	1	0
23:57:05	0	-	1	1	0
23:57:07	0	-	1	1	0
23:57:09	0	-	1	1	0
23:57:12	0	-	1	1	0
23:57:14	0	-	1	1	0
23:57:17	0	-	1	1	0
23:57:19	0	-	1	1	0
23:57:21	0	-	1	1	0
23:57:24	0	-	1	1	0
23:57:26	0	-	1	1	0
23:57:28	0	-	1	1	0
23:57:31	0	-	1	1	0
23:57:33	0	-	1	1	0
23:57:36	0	-	1	1	0
23:57:38	0	-	1	1	0
23:57:41	0	-	1	1	0
23:57:43	0	-	1	1	0
23:57:45	0	-	1	1	0
23:57:48	0	-	1	1	0
23:57:50	0	-	1	1	0
23:57:52	0	-	1	1	0
23:57:55	0	-	1	1	0
23:57:57	0	-	1	1	0
23:57:59	0	-	1	1	0
23:58:02	0	-	1	1	0
23:58:04	0	-	1	1	0
23:58:06	0	-	1	1	0
23:58:09	0	-	1	1	0
23:58:11	0	-	1	1	0
23:58:13	0	-	1	1	0
23:58:16	0	-	1	1	0
23:58:18	0	-	1	1	0
23:58:20	0	-	1	1	0
23:58:23	0	-	1	1	0
23:58:25	0	-	1	1	0
23:58:28	0	-	1	1	0
23:58:30	0	-	1	1	0
23:58:32	0	-	1	1	0
23:58:34	0	-	1	1	0
23:58:37	0	-	1	1	0
23:58:39	0	-	1	1	0
23:58:42	0	-	1	1	0
23:58:44	0	-	1	1	0
23:58:46	0	-	1	1	0
23:58:49	0	-	1	1	0
23:58:51	0	-	1	1	0
23:58:54	0	-	1	1	0
23:58:56	0	-	1	1	0
23:58:58	0	-	1	1	0
23:59:01	0	-	1	1	0
23:59:03	0	-	1	1	0
23:59:05	0	-	1	1	0
23:59:08	0	-	1	1	0
23:59:10	0	-	1	1	0
23:59:12	0	-	1	1	0
23:59:14	0	-	1	1	0
23:59:17	0	-	1	1	0
23:59:19	0	-	1	1	0
23:59:21	0	-	1	1	0
23:59:24	0	-	1	1	0
23:59:26	0	-	1	1	0
23:59:28	0	-	1	1	0
23:59:31	0	-	1	1	0
23:59:33	0	-	1	1	0
23:59:35	0	-	1	1	0
23:59:38	0	-	1	1	0
23:59:40	0	-	1	1	0
23:59:42	0	-	1	1	0
23:59:44	0	-	1	1	0
23:59:47	0	-	1	1	0
23:59:49	0	-	1	1	0
23:59:51	0	-	1	1	0
23:59:53	0	-	1	1	0
23:59:56	0	-	1	1	0
23:59:58	0	-	1	1	0
00:00:01	0	-	1	1	0
00:00:03	0	-	1	1	0
00:00:05	0	-	1	1	0
