hora	disponible_MiB	brave_MiB	dotnet_MiB	chrome_MiB	node_MiB	postgres_MiB
08:58:02	7047	6232	145	7	33	1783
08:58:07	6822	6232	145	7	356	1783
08:58:12	6758	6252	145	7	406	1783
08:58:17	6505	6331	145	7	516	1783
08:58:22	6607	6370	145	7	293	1783
08:58:27	6504	6387	1011	7	66	1783
08:58:32	6442	6208	1319	7	66	1783
08:58:38	6354	6219	1464	7	66	1783
08:58:43	6317	6217	1582	7	66	1783
08:58:48	6402	6209	1562	7	66	1790
08:58:53	6433	6209	1471	7	66	1792
08:58:58	6379	6210	1588	7	66	1792
08:59:03	6164	6210	2250	7	66	1792
08:59:08	5675	6211	3792	7	66	1798
08:59:14	5461	6212	4140	7	66	2242
08:59:19	5323	6212	4159	7	66	2469
08:59:24	5511	6208	3594	7	66	2326
08:59:29	5578	6209	3513	7	66	2237
08:59:34	5550	6210	3510	7	66	2379
08:59:39	5532	6210	3503	7	66	2285
08:59:44	5603	6215	3386	7	66	2377
08:59:49	5498	6222	3536	7	66	2356
08:59:54	5491	6222	3560	7	66	2452
08:59:59	5492	6235	3528	7	66	2331
09:00:04	5703	6265	3085	7	66	2364
09:00:09	5566	6331	3128	7	66	2430
09:00:15	6089	6394	1327	7	288	1854
09:00:20	5835	6338	1327	7	708	1854
09:00:25	5819	6194	1327	7	808	1887
09:00:30	5782	6194	1598	7	808	1967
09:00:35	5639	6182	1773	7	808	1967
09:00:40	5642	6189	1716	7	808	2000
09:00:45	5662	6191	1751	7	808	1973
09:00:50	5672	6190	1712	7	808	1973
09:00:55	5685	6185	1699	7	808	1973
09:01:00	5668	6185	1718	7	808	1975
09:01:05	5662	6188	1778	7	808	1975
09:01:10	5608	6189	1774	7	808	1975
09:01:15	5632	6189	1600	7	810	1975
09:01:20	5533	6189	1705	7	810	2056
09:01:25	5551	6190	1680	7	818	2019
09:01:30	5576	6191	1622	7	818	1977
09:01:35	5655	6192	1541	7	770	1977
09:01:40	5693	6195	1541	7	771	1977
09:01:46	5540	6197	1700	7	772	2060
09:01:51	5606	6202	1677	7	771	2017
09:01:56	5675	6203	1541	7	771	1977
09:02:01	5609	6203	1698	7	757	2019
09:02:06	5212	6203	1707	523	954	2062
09:02:11	5218	6202	1726	486	943	2140
09:02:16	5178	6203	1733	543	976	2145
09:02:21	5114	6204	1743	516	1019	2189
09:02:26	5179	6203	1542	606	1052	1977
09:02:31	5134	6204	1678	603	1071	2017
09:02:36	4521	6205	1719	582	1064	2132
09:02:41	4267	6205	1655	635	1054	2015
09:02:46	4065	6206	1703	606	993	2134
09:02:51	5267	6203	1725	552	1006	2172
09:02:56	5303	6205	1739	492	1006	2182
09:03:01	5222	6206	1764	590	969	2196
09:03:06	5117	6207	1767	623	971	2196
09:03:11	5085	6213	1770	642	967	2196
09:03:17	5039	6207	1770	643	999	2197
09:03:22	5100	6205	1770	570	1004	2197
09:03:27	4831	6205	1771	622	961	2197
09:03:32	4867	6204	1657	614	961	2017
09:03:37	4818	6203	1679	597	959	2017
09:03:42	4184	6203	1704	620	959	2135
09:03:47	3445	6202	1629	644	952	1977
09:03:52	5223	6204	1697	641	955	2057
09:03:57	5317	6204	1714	546	965	2141
09:04:02	5314	6204	1732	492	973	2145
09:04:07	5055	6204	1759	585	982	2192
09:04:12	5065	6201	1762	775	1012	2192
09:04:17	5205	6201	1765	522	1024	2193
09:04:22	5075	6200	1765	713	1042	2193
09:04:27	5094	6200	1765	544	1047	2193
09:04:33	4924	6181	1766	813	1088	2193
09:04:38	4771	6317	1766	735	1129	2193
09:04:43	4864	6399	1766	493	1133	2193
09:04:48	4799	6315	1774	738	1140	2193
09:04:53	4874	6207	1779	658	1057	2193
09:04:58	5094	6207	1785	541	1055	2236
09:05:03	5031	6206	1794	633	1054	2237
09:05:08	5019	6199	1794	674	1014	2238
09:05:13	4973	6192	1795	740	1029	2239
09:05:18	4876	6191	1796	656	1053	2240
09:05:23	5061	6193	1797	550	1069	2240
09:05:28	4940	6197	1797	584	1085	2291
09:05:33	4701	6210	1797	596	1088	2298
09:05:38	4854	6217	1801	593	1099	2298
09:05:43	5070	6220	1672	597	1099	2030
09:05:48	5056	6220	1679	582	1091	2032
09:05:53	4768	6226	1708	577	1047	2149
09:05:58	4708	6227	1660	619	1042	2032
09:06:04	4381	6227	1701	595	1044	2110
09:06:09	4099	6224	1651	655	999	2030
09:06:14	4837	6225	1699	620	1007	2149
09:06:19	4825	6225	1633	645	1010	1996
09:06:24	4496	6222	1699	637	1004	2076
09:06:29	5181	6223	1715	550	1009	2160
09:06:34	5101	6224	1731	559	1012	2203
09:06:39	5130	6224	1764	494	1006	2210
09:06:44	5108	6229	1769	568	1011	2210
09:06:49	5038	6227	1771	573	1018	2213
09:06:54	5145	6221	1772	494	1027	2213
09:06:59	5242	6222	1688	495	1033	2038
09:07:04	5192	6222	1714	569	974	2081
09:07:09	4619	6221	1538	593	999	1996
09:07:14	5254	6222	1697	540	969	2036
09:07:19	5021	6220	1713	609	1041	2079
09:07:25	5027	6220	1729	572	1087	2158
09:07:30	4822	6220	1730	917	1127	2158
09:07:35	4834	6220	1730	874	1117	2158
09:07:40	4783	6218	1730	871	1118	2158
09:07:45	4811	6218	1730	830	1077	2161
09:07:50	4769	6256	1759	840	1103	2165
09:07:55	4636	6322	1765	863	1135	2166
09:08:00	4541	6381	1768	908	1137	2171
09:08:05	4569	6329	1772	913	1147	2216
09:08:10	4386	6210	1538	917	1154	1996
09:08:15	4390	6210	1680	910	1153	2036
09:08:20	3523	6208	1715	933	1158	2155
09:08:25	3278	6201	1655	964	1129	2036
09:08:30	2836	6202	1702	924	995	2192
09:08:35	5144	6203	1733	793	1004	2206
09:08:40	5086	6202	1758	790	1041	2211
09:08:45	4958	6204	1765	857	1080	2298
09:08:51	4866	6205	1784	829	1114	2307
09:08:56	4884	6207	1790	789	1126	2307
09:09:01	4422	6208	1791	893	1138	2307
09:09:06	4516	6209	1676	925	1138	2036
09:09:11	3914	6209	1706	913	1134	2115
09:09:16	3626	6210	1639	968	1136	2018
09:09:21	3409	6206	1700	949	1053	2192
09:09:26	5106	6230	1731	789	1046	2211
09:09:31	4848	6332	1753	837	1048	2213
09:09:36	4742	6401	1760	892	1050	2213
09:09:41	3284	6358	1767	971	1051	2213
09:09:46	5123	6166	1767	788	1046	2256
09:09:51	4518	6164	1782	975	1071	2299
09:09:56	4830	6168	1784	850	1108	2299
09:10:01	4788	6167	1788	825	1143	2303
09:10:06	4763	6167	1788	794	1182	2305
09:10:12	4653	6166	1788	934	1213	2313
09:10:17	4740	6167	1788	850	1221	2315
09:10:22	4570	6168	1788	957	1275	2315
09:10:27	4516	6170	1790	959	1305	2315
09:10:32	4642	6170	1790	981	1152	2315
09:10:37	4656	6172	1796	946	1159	2317
09:10:42	4803	6166	1617	984	1158	1998
09:10:47	4774	6167	1683	976	1172	2038
09:10:52	4818	6168	1698	950	1161	2078
09:10:57	4814	6166	1709	1084	1153	2156
09:11:02	4498	6163	1723	874	1156	2161
09:11:07	4871	6164	1743	928	1155	2286
09:11:12	3579	6164	1761	962	1152	2288
09:11:17	4906	6165	1767	824	1153	2292
09:11:22	4226	6164	1767	894	1153	2293
09:11:27	4741	6165	1767	968	1156	2295
09:11:32	4919	6167	1770	829	1157	2297
09:11:37	4714	6165	1783	975	1165	2302
09:11:42	4843	6165	1787	795	1183	2305
09:11:48	4651	6168	1787	896	1175	2308
09:11:53	4615	6167	1787	975	1231	2308
09:11:58	4707	6173	1788	913	1221	2308
09:12:03	4647	6172	1789	1068	1176	2309
09:12:08	4757	6173	1791	876	1188	2309
09:12:13	4740	6170	1798	919	1178	2309
09:12:18	4744	6171	1799	918	1177	2309
09:12:23	4773	6171	1801	851	1181	2309
09:12:28	4736	6172	1801	794	1194	2309
09:12:33	4619	6173	1801	1066	1197	2309
09:12:38	4760	6174	1811	833	1166	2310
09:12:43	4748	6175	1816	793	1208	2310
09:12:48	4589	6169	1816	961	1220	2310
09:12:53	4723	6170	1816	920	1217	2310
09:12:58	4663	6170	1816	847	1226	2310
09:13:03	4718	6170	1816	832	1232	2310
09:13:08	4546	6170	1819	965	1266	2310
09:13:14	4472	6170	1819	1008	1313	2310
09:13:19	4457	6171	1819	1028	1319	2310
09:13:24	4383	6172	1819	1019	1343	2310
09:13:30	4593	6173	1820	913	1195	2310
09:13:35	4662	6173	1820	832	1205	2310
09:13:40	4644	6173	1820	1009	1207	2310
09:13:45	4908	6173	1820	786	1079	2310
09:13:50	4866	6173	1821	835	1098	2310
09:13:55	4773	6175	1821	987	1098	2310
09:14:00	4895	6178	1821	788	1106	2310
09:14:05	4695	6179	1821	718	1134	2310
09:14:10	4806	6176	1821	885	1131	2310
09:14:15	4817	6177	1821	895	1132	2311
09:14:20	4831	6176	1821	863	1072	2311
09:14:25	4876	6174	1821	818	1084	2311
09:14:30	4843	6175	1822	919	1083	2311
09:14:35	4895	6175	1822	855	1076	2311
09:14:40	4894	6174	1823	832	1078	2311
09:14:45	4674	6174	1649	907	1078	2036
09:14:50	4316	6175	1699	893	1070	2161
09:14:56	3024	6183	1720	938	1069	2204
09:15:01	3485	5607	1651	945	1039	2038
09:15:06	3448	5605	1675	943	1039	2038
09:15:11	3440	5087	1695	907	1035	2161
09:15:16	5659	5080	1710	858	1041	2165
09:15:21	5398	5077	1722	892	1042	2288
09:15:26	5200	5079	1747	932	1045	2288
09:15:31	5661	4919	1751	823	1057	2292
09:15:36	5586	4917	1751	903	1054	2292
09:15:41	5276	4913	1751	933	1055	2292
09:15:46	5653	4912	1752	832	1061	2294
09:15:51	5523	4911	1752	898	1064	2294
09:15:56	4917	4913	1757	937	1067	2295
09:16:01	5604	4915	1767	909	1075	2295
09:16:07	5650	4915	1769	815	1082	2296
09:16:12	5949	4912	376	872	1093	2296
09:16:17	6299	4912	376	932	1099	2296
09:16:22	5051	4911	376	988	1095	2296
09:16:27	6300	4911	376	858	1105	2296
09:16:32	6428	4911	146	883	1108	1998
09:16:37	6397	4914	277	877	1103	2038
09:16:42	6412	4908	291	868	1103	2038
09:16:47	5813	4908	304	892	1093	2163
09:16:52	4921	4909	137	943	1090	1998
09:16:57	4840	4908	291	926	1090	2038
09:17:02	6359	4909	312	684	1067	2164
09:17:07	6454	4908	365	685	1079	2166
09:17:12	6467	4908	601	682	1079	2166
09:17:18	6141	4895	1450	682	1077	2166
09:17:23	6054	4894	1663	682	1077	2166
09:17:28	5951	4893	1780	682	1077	2166
09:17:33	5980	4893	1711	682	1077	2166
09:17:38	5936	4893	1753	682	1077	2166
09:17:43	5915	4893	1845	682	1077	2166
09:17:48	5933	4893	1769	682	1077	2166
09:17:53	5930	4893	1839	682	1033	2207
09:17:59	5868	4897	1877	682	1033	2166
09:18:04	5830	4898	1962	682	1032	2166
09:18:09	5884	4898	1851	682	1032	2166
09:18:14	5835	4895	1967	682	1032	2166
09:18:19	5850	4893	1890	682	1032	2166
09:18:24	5771	4894	1659	848	1048	2169
09:18:29	5573	4895	1419	903	1049	1998
09:18:34	5444	4895	1553	880	1049	2040
09:18:39	5455	4895	1560	882	1044	2040
09:18:44	4828	4895	1581	874	1044	2163
09:18:49	3947	4894	1604	899	1049	2208
09:18:54	2907	4625	1610	828	924	2209
09:18:59	2673	4617	1879	830	905	2209
09:19:05	5638	4645	2027	757	905	2209
09:19:10	5601	4745	1696	757	905	2209
09:19:15	5583	4795	1494	804	890	1998
09:19:20	5608	4771	1635	795	890	2040
09:19:25	5630	4751	1644	786	889	2040
09:19:30	5085	4727	1659	774	896	2166
09:19:35	4538	4600	1699	806	901	2173
09:19:40	6159	4592	1708	414	741	2173
09:19:45	5508	4592	1712	522	796	2216
09:19:50	5837	4593	1721	582	843	2298
09:19:55	4585	4596	1722	618	884	2299
09:20:00	5253	4620	1723	533	915	2303
09:20:06	5668	4730	1723	594	927	2303
09:20:11	4636	4758	1727	617	942	2304
09:20:16	5413	4711	1731	538	964	2304
09:20:21	5637	4688	1739	595	959	2304
09:20:26	5864	4593	1739	436	957	2304
09:20:31	5929	4593	1740	462	870	2311
09:20:36	5925	4594	1740	515	876	2311
09:20:41	5828	4592	1740	550	884	2311
09:20:46	5329	4598	1740	612	885	2311
09:20:51	5905	4598	1740	494	891	2312
09:20:56	6519	4598	1491	5	348	1854
